,Warehouse id,Region,SKU id,pred
0,Wh-1,NORTH,SKU-1,21
1,Wh-1,NORTH,SKU-10,287
2,Wh-1,NORTH,SKU-100,266
3,Wh-1,NORTH,SKU-101,39
4,Wh-1,NORTH,SKU-102,35
5,Wh-1,NORTH,SKU-103,148
6,Wh-1,NORTH,SKU-104,271
7,Wh-1,NORTH,SKU-105,73
8,Wh-1,NORTH,SKU-106,2069
9,Wh-1,NORTH,SKU-107,692
10,Wh-1,NORTH,SKU-108,718
11,Wh-1,NORTH,SKU-109,212
12,Wh-1,NORTH,SKU-11,41
13,Wh-1,NORTH,SKU-110,158
14,Wh-1,NORTH,SKU-111,316
15,Wh-1,NORTH,SKU-112,37
16,Wh-1,NORTH,SKU-113,852
17,Wh-1,NORTH,SKU-114,28
18,Wh-1,NORTH,SKU-115,90
19,Wh-1,NORTH,SKU-116,6
20,Wh-1,NORTH,SKU-117,57
21,Wh-1,NORTH,SKU-118,3
22,Wh-1,NORTH,SKU-119,85
23,Wh-1,NORTH,SKU-12,563
24,Wh-1,NORTH,SKU-120,414
25,Wh-1,NORTH,SKU-121,990
26,Wh-1,NORTH,SKU-122,315
27,Wh-1,NORTH,SKU-123,149
28,Wh-1,NORTH,SKU-124,2110
29,Wh-1,NORTH,SKU-125,317
30,Wh-1,NORTH,SKU-126,64
31,Wh-1,NORTH,SKU-127,408
32,Wh-1,NORTH,SKU-128,118
33,Wh-1,NORTH,SKU-129,64
34,Wh-1,NORTH,SKU-13,19437
35,Wh-1,NORTH,SKU-130,265
36,Wh-1,NORTH,SKU-131,1042
37,Wh-1,NORTH,SKU-132,2482
38,Wh-1,NORTH,SKU-133,1957
39,Wh-1,NORTH,SKU-134,1176
40,Wh-1,NORTH,SKU-135,689
41,Wh-1,NORTH,SKU-136,1470
42,Wh-1,NORTH,SKU-137,1205
43,Wh-1,NORTH,SKU-138,216
44,Wh-1,NORTH,SKU-139,468
45,Wh-1,NORTH,SKU-14,449
46,Wh-1,NORTH,SKU-140,1621
47,Wh-1,NORTH,SKU-141,1420
48,Wh-1,NORTH,SKU-142,55
49,Wh-1,NORTH,SKU-143,257
50,Wh-1,NORTH,SKU-144,79
51,Wh-1,NORTH,SKU-145,598
52,Wh-1,NORTH,SKU-146,317
53,Wh-1,NORTH,SKU-147,1498
54,Wh-1,NORTH,SKU-148,390
55,Wh-1,NORTH,SKU-149,828
56,Wh-1,NORTH,SKU-15,68
57,Wh-1,NORTH,SKU-150,2341
58,Wh-1,NORTH,SKU-151,5018
59,Wh-1,NORTH,SKU-152,641
60,Wh-1,NORTH,SKU-153,113
61,Wh-1,NORTH,SKU-154,29
62,Wh-1,NORTH,SKU-155,26
63,Wh-1,NORTH,SKU-156,20
64,Wh-1,NORTH,SKU-157,414
65,Wh-1,NORTH,SKU-158,140
66,Wh-1,NORTH,SKU-159,54
67,Wh-1,NORTH,SKU-16,422
68,Wh-1,NORTH,SKU-160,251
69,Wh-1,NORTH,SKU-161,74
70,Wh-1,NORTH,SKU-162,4
71,Wh-1,NORTH,SKU-163,16
72,Wh-1,NORTH,SKU-164,5
73,Wh-1,NORTH,SKU-165,103
74,Wh-1,NORTH,SKU-166,130
75,Wh-1,NORTH,SKU-167,153
76,Wh-1,NORTH,SKU-168,171
77,Wh-1,NORTH,SKU-169,5
78,Wh-1,NORTH,SKU-17,11871
79,Wh-1,NORTH,SKU-170,9
80,Wh-1,NORTH,SKU-171,15
81,Wh-1,NORTH,SKU-172,16
82,Wh-1,NORTH,SKU-173,431
83,Wh-1,NORTH,SKU-174,21
84,Wh-1,NORTH,SKU-175,1
85,Wh-1,NORTH,SKU-176,1
86,Wh-1,NORTH,SKU-177,20
87,Wh-1,NORTH,SKU-178,11
88,Wh-1,NORTH,SKU-179,15
89,Wh-1,NORTH,SKU-18,683
90,Wh-1,NORTH,SKU-180,9
91,Wh-1,NORTH,SKU-181,10
92,Wh-1,NORTH,SKU-182,111
93,Wh-1,NORTH,SKU-183,19
94,Wh-1,NORTH,SKU-184,19
95,Wh-1,NORTH,SKU-185,239
96,Wh-1,NORTH,SKU-186,53
97,Wh-1,NORTH,SKU-187,4
98,Wh-1,NORTH,SKU-188,28
99,Wh-1,NORTH,SKU-189,76
100,Wh-1,NORTH,SKU-19,35
101,Wh-1,NORTH,SKU-190,419
102,Wh-1,NORTH,SKU-191,25
103,Wh-1,NORTH,SKU-192,32
104,Wh-1,NORTH,SKU-193,13
105,Wh-1,NORTH,SKU-194,503
106,Wh-1,NORTH,SKU-195,25
107,Wh-1,NORTH,SKU-196,215
108,Wh-1,NORTH,SKU-197,75
109,Wh-1,NORTH,SKU-198,87
110,Wh-1,NORTH,SKU-199,345
111,Wh-1,NORTH,SKU-2,82
112,Wh-1,NORTH,SKU-20,27
113,Wh-1,NORTH,SKU-200,18
114,Wh-1,NORTH,SKU-201,16
115,Wh-1,NORTH,SKU-202,15
116,Wh-1,NORTH,SKU-203,44
117,Wh-1,NORTH,SKU-204,18
118,Wh-1,NORTH,SKU-205,169
119,Wh-1,NORTH,SKU-206,4378
120,Wh-1,NORTH,SKU-207,141
121,Wh-1,NORTH,SKU-208,12
122,Wh-1,NORTH,SKU-209,247
123,Wh-1,NORTH,SKU-21,54
124,Wh-1,NORTH,SKU-210,172
125,Wh-1,NORTH,SKU-211,1471
126,Wh-1,NORTH,SKU-212,186
127,Wh-1,NORTH,SKU-213,151
128,Wh-1,NORTH,SKU-214,59
129,Wh-1,NORTH,SKU-215,179
130,Wh-1,NORTH,SKU-216,65
131,Wh-1,NORTH,SKU-217,46
132,Wh-1,NORTH,SKU-218,19
133,Wh-1,NORTH,SKU-219,30
134,Wh-1,NORTH,SKU-22,19
135,Wh-1,NORTH,SKU-220,181
136,Wh-1,NORTH,SKU-221,366
137,Wh-1,NORTH,SKU-222,159
138,Wh-1,NORTH,SKU-223,79
139,Wh-1,NORTH,SKU-224,1966
140,Wh-1,NORTH,SKU-225,3989
141,Wh-1,NORTH,SKU-226,935
142,Wh-1,NORTH,SKU-227,28
143,Wh-1,NORTH,SKU-228,51
144,Wh-1,NORTH,SKU-229,83
145,Wh-1,NORTH,SKU-23,36
146,Wh-1,NORTH,SKU-230,156
147,Wh-1,NORTH,SKU-231,50
148,Wh-1,NORTH,SKU-232,224
149,Wh-1,NORTH,SKU-233,49
150,Wh-1,NORTH,SKU-24,55
151,Wh-1,NORTH,SKU-25,415
152,Wh-1,NORTH,SKU-26,76
153,Wh-1,NORTH,SKU-27,44
154,Wh-1,NORTH,SKU-28,23
155,Wh-1,NORTH,SKU-29,39
156,Wh-1,NORTH,SKU-3,10
157,Wh-1,NORTH,SKU-30,581
158,Wh-1,NORTH,SKU-31,692
159,Wh-1,NORTH,SKU-32,669
160,Wh-1,NORTH,SKU-33,68
161,Wh-1,NORTH,SKU-34,600
162,Wh-1,NORTH,SKU-35,4
163,Wh-1,NORTH,SKU-36,236
164,Wh-1,NORTH,SKU-37,1128
165,Wh-1,NORTH,SKU-38,365
166,Wh-1,NORTH,SKU-39,1565
167,Wh-1,NORTH,SKU-4,144
168,Wh-1,NORTH,SKU-40,1421
169,Wh-1,NORTH,SKU-41,68
170,Wh-1,NORTH,SKU-42,59
171,Wh-1,NORTH,SKU-43,134
172,Wh-1,NORTH,SKU-44,108
173,Wh-1,NORTH,SKU-45,267
174,Wh-1,NORTH,SKU-46,324
175,Wh-1,NORTH,SKU-47,2798
176,Wh-1,NORTH,SKU-48,168
177,Wh-1,NORTH,SKU-49,445
178,Wh-1,NORTH,SKU-5,589
179,Wh-1,NORTH,SKU-50,950
180,Wh-1,NORTH,SKU-51,2485
181,Wh-1,NORTH,SKU-52,86
182,Wh-1,NORTH,SKU-53,605
183,Wh-1,NORTH,SKU-54,67
184,Wh-1,NORTH,SKU-55,96
185,Wh-1,NORTH,SKU-56,235
186,Wh-1,NORTH,SKU-57,91
187,Wh-1,NORTH,SKU-58,135
188,Wh-1,NORTH,SKU-59,257
189,Wh-1,NORTH,SKU-6,39
190,Wh-1,NORTH,SKU-60,31
191,Wh-1,NORTH,SKU-61,6999
192,Wh-1,NORTH,SKU-62,262
193,Wh-1,NORTH,SKU-63,54
194,Wh-1,NORTH,SKU-64,78
195,Wh-1,NORTH,SKU-65,116
196,Wh-1,NORTH,SKU-66,113
197,Wh-1,NORTH,SKU-67,34
198,Wh-1,NORTH,SKU-68,69
199,Wh-1,NORTH,SKU-69,286
200,Wh-1,NORTH,SKU-7,1365
201,Wh-1,NORTH,SKU-70,268
202,Wh-1,NORTH,SKU-71,233
203,Wh-1,NORTH,SKU-72,236
204,Wh-1,NORTH,SKU-73,270
205,Wh-1,NORTH,SKU-74,60
206,Wh-1,NORTH,SKU-75,178
207,Wh-1,NORTH,SKU-76,20
208,Wh-1,NORTH,SKU-77,555
209,Wh-1,NORTH,SKU-78,423
210,Wh-1,NORTH,SKU-79,293
211,Wh-1,NORTH,SKU-8,951
212,Wh-1,NORTH,SKU-80,619
213,Wh-1,NORTH,SKU-81,111
214,Wh-1,NORTH,SKU-82,167
215,Wh-1,NORTH,SKU-83,24
216,Wh-1,NORTH,SKU-84,2121
217,Wh-1,NORTH,SKU-85,94
218,Wh-1,NORTH,SKU-86,144
219,Wh-1,NORTH,SKU-87,7
220,Wh-1,NORTH,SKU-88,534
221,Wh-1,NORTH,SKU-89,514
222,Wh-1,NORTH,SKU-9,310
223,Wh-1,NORTH,SKU-90,278
224,Wh-1,NORTH,SKU-91,182
225,Wh-1,NORTH,SKU-92,195
226,Wh-1,NORTH,SKU-93,244
227,Wh-1,NORTH,SKU-94,82
228,Wh-1,NORTH,SKU-95,25
229,Wh-1,NORTH,SKU-96,86
230,Wh-1,NORTH,SKU-97,467
231,Wh-1,NORTH,SKU-98,150
232,Wh-1,NORTH,SKU-99,61
233,Wh-2,EAST,SKU-1,53
234,Wh-2,EAST,SKU-10,19
235,Wh-2,EAST,SKU-106,385
236,Wh-2,EAST,SKU-107,31
237,Wh-2,EAST,SKU-108,301
238,Wh-2,EAST,SKU-109,39
239,Wh-2,EAST,SKU-110,12
240,Wh-2,EAST,SKU-111,95
241,Wh-2,EAST,SKU-112,10
242,Wh-2,EAST,SKU-113,353
243,Wh-2,EAST,SKU-114,23
244,Wh-2,EAST,SKU-115,60
245,Wh-2,EAST,SKU-116,14
246,Wh-2,EAST,SKU-117,21
247,Wh-2,EAST,SKU-118,5
248,Wh-2,EAST,SKU-119,169
249,Wh-2,EAST,SKU-120,985
250,Wh-2,EAST,SKU-121,722
251,Wh-2,EAST,SKU-123,723
252,Wh-2,EAST,SKU-124,458
253,Wh-2,EAST,SKU-125,5984
254,Wh-2,EAST,SKU-126,159
255,Wh-2,EAST,SKU-127,289
256,Wh-2,EAST,SKU-13,221
257,Wh-2,EAST,SKU-132,862
258,Wh-2,EAST,SKU-133,2051
259,Wh-2,EAST,SKU-134,561
260,Wh-2,EAST,SKU-138,341
261,Wh-2,EAST,SKU-139,74
262,Wh-2,EAST,SKU-140,1368
263,Wh-2,EAST,SKU-141,1281
264,Wh-2,EAST,SKU-144,213
265,Wh-2,EAST,SKU-146,896
266,Wh-2,EAST,SKU-147,771
267,Wh-2,EAST,SKU-148,756
268,Wh-2,EAST,SKU-149,2697
269,Wh-2,EAST,SKU-150,399
270,Wh-2,EAST,SKU-151,545
271,Wh-2,EAST,SKU-152,80
272,Wh-2,EAST,SKU-157,203
273,Wh-2,EAST,SKU-158,15
274,Wh-2,EAST,SKU-161,37
275,Wh-2,EAST,SKU-162,6
276,Wh-2,EAST,SKU-163,13
277,Wh-2,EAST,SKU-164,6
278,Wh-2,EAST,SKU-165,23
279,Wh-2,EAST,SKU-166,35
280,Wh-2,EAST,SKU-167,52
281,Wh-2,EAST,SKU-17,381
282,Wh-2,EAST,SKU-172,2
283,Wh-2,EAST,SKU-178,20
284,Wh-2,EAST,SKU-179,6
285,Wh-2,EAST,SKU-182,78
286,Wh-2,EAST,SKU-185,148
287,Wh-2,EAST,SKU-186,76
288,Wh-2,EAST,SKU-187,20
289,Wh-2,EAST,SKU-189,25
290,Wh-2,EAST,SKU-190,126
291,Wh-2,EAST,SKU-194,50
292,Wh-2,EAST,SKU-195,49
293,Wh-2,EAST,SKU-196,268
294,Wh-2,EAST,SKU-198,13
295,Wh-2,EAST,SKU-199,356
296,Wh-2,EAST,SKU-2,14
297,Wh-2,EAST,SKU-20,28
298,Wh-2,EAST,SKU-205,105
299,Wh-2,EAST,SKU-206,613
300,Wh-2,EAST,SKU-208,9
301,Wh-2,EAST,SKU-21,31
302,Wh-2,EAST,SKU-210,39
303,Wh-2,EAST,SKU-211,183
304,Wh-2,EAST,SKU-214,223
305,Wh-2,EAST,SKU-216,2327
306,Wh-2,EAST,SKU-217,156
307,Wh-2,EAST,SKU-219,103
308,Wh-2,EAST,SKU-22,30
309,Wh-2,EAST,SKU-220,881
310,Wh-2,EAST,SKU-221,218
311,Wh-2,EAST,SKU-224,153
312,Wh-2,EAST,SKU-225,140
313,Wh-2,EAST,SKU-226,60
314,Wh-2,EAST,SKU-23,6
315,Wh-2,EAST,SKU-230,78
316,Wh-2,EAST,SKU-231,95
317,Wh-2,EAST,SKU-232,61
318,Wh-2,EAST,SKU-233,201
319,Wh-2,EAST,SKU-234,245
320,Wh-2,EAST,SKU-237,445
321,Wh-2,EAST,SKU-239,43
322,Wh-2,EAST,SKU-24,51
323,Wh-2,EAST,SKU-240,333
324,Wh-2,EAST,SKU-244,85
325,Wh-2,EAST,SKU-248,1117
326,Wh-2,EAST,SKU-25,57
327,Wh-2,EAST,SKU-250,150
328,Wh-2,EAST,SKU-251,254
329,Wh-2,EAST,SKU-257,60
330,Wh-2,EAST,SKU-258,2006
331,Wh-2,EAST,SKU-259,134
332,Wh-2,EAST,SKU-26,30
333,Wh-2,EAST,SKU-260,60
334,Wh-2,EAST,SKU-261,93
335,Wh-2,EAST,SKU-262,19
336,Wh-2,EAST,SKU-263,866
337,Wh-2,EAST,SKU-264,9245
338,Wh-2,EAST,SKU-265,64
339,Wh-2,EAST,SKU-267,317
340,Wh-2,EAST,SKU-268,3819
341,Wh-2,EAST,SKU-269,89
342,Wh-2,EAST,SKU-27,14
343,Wh-2,EAST,SKU-270,110
344,Wh-2,EAST,SKU-271,67
345,Wh-2,EAST,SKU-272,284
346,Wh-2,EAST,SKU-275,427
347,Wh-2,EAST,SKU-276,224
348,Wh-2,EAST,SKU-278,34
349,Wh-2,EAST,SKU-28,19
350,Wh-2,EAST,SKU-287,852
351,Wh-2,EAST,SKU-288,168
352,Wh-2,EAST,SKU-289,154
353,Wh-2,EAST,SKU-29,16
354,Wh-2,EAST,SKU-291,162
355,Wh-2,EAST,SKU-292,239
356,Wh-2,EAST,SKU-293,265
357,Wh-2,EAST,SKU-297,45
358,Wh-2,EAST,SKU-3,12
359,Wh-2,EAST,SKU-30,74
360,Wh-2,EAST,SKU-306,23
361,Wh-2,EAST,SKU-31,223
362,Wh-2,EAST,SKU-312,16
363,Wh-2,EAST,SKU-315,12
364,Wh-2,EAST,SKU-316,19
365,Wh-2,EAST,SKU-319,62
366,Wh-2,EAST,SKU-32,759
367,Wh-2,EAST,SKU-321,40
368,Wh-2,EAST,SKU-322,60
369,Wh-2,EAST,SKU-328,199
370,Wh-2,EAST,SKU-329,494
371,Wh-2,EAST,SKU-33,26
372,Wh-2,EAST,SKU-330,858
373,Wh-2,EAST,SKU-332,196
374,Wh-2,EAST,SKU-337,347
375,Wh-2,EAST,SKU-338,13
376,Wh-2,EAST,SKU-339,51
377,Wh-2,EAST,SKU-34,118
378,Wh-2,EAST,SKU-340,871
379,Wh-2,EAST,SKU-342,174
380,Wh-2,EAST,SKU-343,829
381,Wh-2,EAST,SKU-344,1
382,Wh-2,EAST,SKU-345,782
383,Wh-2,EAST,SKU-352,31
384,Wh-2,EAST,SKU-359,77
385,Wh-2,EAST,SKU-36,80
386,Wh-2,EAST,SKU-361,37
387,Wh-2,EAST,SKU-37,415
388,Wh-2,EAST,SKU-386,324
389,Wh-2,EAST,SKU-387,166
390,Wh-2,EAST,SKU-389,3
391,Wh-2,EAST,SKU-39,159
392,Wh-2,EAST,SKU-392,9
393,Wh-2,EAST,SKU-399,25
394,Wh-2,EAST,SKU-4,84
395,Wh-2,EAST,SKU-40,196
396,Wh-2,EAST,SKU-403,26
397,Wh-2,EAST,SKU-404,241
398,Wh-2,EAST,SKU-405,623
399,Wh-2,EAST,SKU-406,447
400,Wh-2,EAST,SKU-407,128
401,Wh-2,EAST,SKU-408,66
402,Wh-2,EAST,SKU-409,74
403,Wh-2,EAST,SKU-41,75
404,Wh-2,EAST,SKU-410,7
405,Wh-2,EAST,SKU-411,373
406,Wh-2,EAST,SKU-412,123
407,Wh-2,EAST,SKU-413,317
408,Wh-2,EAST,SKU-414,166
409,Wh-2,EAST,SKU-415,36
410,Wh-2,EAST,SKU-44,33
411,Wh-2,EAST,SKU-45,18
412,Wh-2,EAST,SKU-47,122
413,Wh-2,EAST,SKU-5,287
414,Wh-2,EAST,SKU-50,32
415,Wh-2,EAST,SKU-51,181
416,Wh-2,EAST,SKU-53,521
417,Wh-2,EAST,SKU-56,111
418,Wh-2,EAST,SKU-57,59
419,Wh-2,EAST,SKU-59,6
420,Wh-2,EAST,SKU-6,19
421,Wh-2,EAST,SKU-62,54
422,Wh-2,EAST,SKU-66,45
423,Wh-2,EAST,SKU-67,14
424,Wh-2,EAST,SKU-69,2080
425,Wh-2,EAST,SKU-7,291
426,Wh-2,EAST,SKU-70,282
427,Wh-2,EAST,SKU-71,253
428,Wh-2,EAST,SKU-72,81
429,Wh-2,EAST,SKU-73,69
430,Wh-2,EAST,SKU-76,12
431,Wh-2,EAST,SKU-77,116
432,Wh-2,EAST,SKU-78,675
433,Wh-2,EAST,SKU-79,77
434,Wh-2,EAST,SKU-8,622
435,Wh-2,EAST,SKU-80,336
436,Wh-2,EAST,SKU-81,118
437,Wh-2,EAST,SKU-82,292
438,Wh-2,EAST,SKU-84,11
439,Wh-2,EAST,SKU-86,83
440,Wh-2,EAST,SKU-87,13
441,Wh-2,EAST,SKU-88,343
442,Wh-2,EAST,SKU-89,103
443,Wh-2,EAST,SKU-9,160
444,Wh-2,EAST,SKU-97,54
445,Wh-3,WEST,SKU-1,114
446,Wh-3,WEST,SKU-10,314
447,Wh-3,WEST,SKU-123,177
448,Wh-3,WEST,SKU-124,533
449,Wh-3,WEST,SKU-126,78
450,Wh-3,WEST,SKU-127,374
451,Wh-3,WEST,SKU-128,169
452,Wh-3,WEST,SKU-13,2629
453,Wh-3,WEST,SKU-132,616
454,Wh-3,WEST,SKU-133,493
455,Wh-3,WEST,SKU-134,875
456,Wh-3,WEST,SKU-137,162
457,Wh-3,WEST,SKU-139,88
458,Wh-3,WEST,SKU-140,250
459,Wh-3,WEST,SKU-141,105
460,Wh-3,WEST,SKU-144,119
461,Wh-3,WEST,SKU-145,173
462,Wh-3,WEST,SKU-146,373
463,Wh-3,WEST,SKU-147,456
464,Wh-3,WEST,SKU-148,104
465,Wh-3,WEST,SKU-149,431
466,Wh-3,WEST,SKU-150,261
467,Wh-3,WEST,SKU-151,799
468,Wh-3,WEST,SKU-152,62
469,Wh-3,WEST,SKU-154,95
470,Wh-3,WEST,SKU-155,51
471,Wh-3,WEST,SKU-156,46
472,Wh-3,WEST,SKU-157,189
473,Wh-3,WEST,SKU-158,105
474,Wh-3,WEST,SKU-159,66
475,Wh-3,WEST,SKU-160,489
476,Wh-3,WEST,SKU-161,373
477,Wh-3,WEST,SKU-162,7
478,Wh-3,WEST,SKU-163,6
479,Wh-3,WEST,SKU-164,5
480,Wh-3,WEST,SKU-165,201
481,Wh-3,WEST,SKU-166,220
482,Wh-3,WEST,SKU-167,326
483,Wh-3,WEST,SKU-168,108
484,Wh-3,WEST,SKU-169,92
485,Wh-3,WEST,SKU-17,689
486,Wh-3,WEST,SKU-170,65
487,Wh-3,WEST,SKU-171,48
488,Wh-3,WEST,SKU-172,9
489,Wh-3,WEST,SKU-173,898
490,Wh-3,WEST,SKU-174,12
491,Wh-3,WEST,SKU-175,26
492,Wh-3,WEST,SKU-176,6
493,Wh-3,WEST,SKU-177,10
494,Wh-3,WEST,SKU-178,13
495,Wh-3,WEST,SKU-179,46
496,Wh-3,WEST,SKU-180,21
497,Wh-3,WEST,SKU-181,44
498,Wh-3,WEST,SKU-182,111
499,Wh-3,WEST,SKU-183,43
500,Wh-3,WEST,SKU-184,93
501,Wh-3,WEST,SKU-185,386
502,Wh-3,WEST,SKU-186,235
503,Wh-3,WEST,SKU-187,36
504,Wh-3,WEST,SKU-188,42
505,Wh-3,WEST,SKU-189,68
506,Wh-3,WEST,SKU-19,26
507,Wh-3,WEST,SKU-190,339
508,Wh-3,WEST,SKU-192,56
509,Wh-3,WEST,SKU-193,84
510,Wh-3,WEST,SKU-194,354
511,Wh-3,WEST,SKU-195,21
512,Wh-3,WEST,SKU-196,139
513,Wh-3,WEST,SKU-197,54
514,Wh-3,WEST,SKU-198,210
515,Wh-3,WEST,SKU-199,1033
516,Wh-3,WEST,SKU-2,206
517,Wh-3,WEST,SKU-20,35
518,Wh-3,WEST,SKU-200,77
519,Wh-3,WEST,SKU-201,70
520,Wh-3,WEST,SKU-202,27
521,Wh-3,WEST,SKU-203,373
522,Wh-3,WEST,SKU-204,44
523,Wh-3,WEST,SKU-205,77
524,Wh-3,WEST,SKU-206,733
525,Wh-3,WEST,SKU-207,19
526,Wh-3,WEST,SKU-208,5
527,Wh-3,WEST,SKU-209,167
528,Wh-3,WEST,SKU-21,47
529,Wh-3,WEST,SKU-210,160
530,Wh-3,WEST,SKU-211,1194
531,Wh-3,WEST,SKU-214,53
532,Wh-3,WEST,SKU-215,79
533,Wh-3,WEST,SKU-217,162
534,Wh-3,WEST,SKU-218,51
535,Wh-3,WEST,SKU-219,16
536,Wh-3,WEST,SKU-22,11
537,Wh-3,WEST,SKU-220,41
538,Wh-3,WEST,SKU-221,33
539,Wh-3,WEST,SKU-222,689
540,Wh-3,WEST,SKU-223,58
541,Wh-3,WEST,SKU-224,119
542,Wh-3,WEST,SKU-225,196
543,Wh-3,WEST,SKU-226,32
544,Wh-3,WEST,SKU-227,106
545,Wh-3,WEST,SKU-229,11
546,Wh-3,WEST,SKU-23,44
547,Wh-3,WEST,SKU-230,139
548,Wh-3,WEST,SKU-231,107
549,Wh-3,WEST,SKU-232,53
550,Wh-3,WEST,SKU-233,104
551,Wh-3,WEST,SKU-234,29
552,Wh-3,WEST,SKU-236,66
553,Wh-3,WEST,SKU-237,133
554,Wh-3,WEST,SKU-239,468
555,Wh-3,WEST,SKU-24,54
556,Wh-3,WEST,SKU-240,244
557,Wh-3,WEST,SKU-241,71
558,Wh-3,WEST,SKU-243,225
559,Wh-3,WEST,SKU-244,18
560,Wh-3,WEST,SKU-25,95
561,Wh-3,WEST,SKU-250,328
562,Wh-3,WEST,SKU-251,514
563,Wh-3,WEST,SKU-252,164
564,Wh-3,WEST,SKU-253,38
565,Wh-3,WEST,SKU-254,46
566,Wh-3,WEST,SKU-255,1742
567,Wh-3,WEST,SKU-256,1189
568,Wh-3,WEST,SKU-257,835
569,Wh-3,WEST,SKU-258,961
570,Wh-3,WEST,SKU-259,117
571,Wh-3,WEST,SKU-26,64
572,Wh-3,WEST,SKU-260,79
573,Wh-3,WEST,SKU-261,182
574,Wh-3,WEST,SKU-262,67
575,Wh-3,WEST,SKU-263,470
576,Wh-3,WEST,SKU-264,3801
577,Wh-3,WEST,SKU-265,75
578,Wh-3,WEST,SKU-266,71
579,Wh-3,WEST,SKU-267,423
580,Wh-3,WEST,SKU-268,3610
581,Wh-3,WEST,SKU-269,147
582,Wh-3,WEST,SKU-27,75
583,Wh-3,WEST,SKU-270,193
584,Wh-3,WEST,SKU-271,2703
585,Wh-3,WEST,SKU-272,158
586,Wh-3,WEST,SKU-273,14
587,Wh-3,WEST,SKU-274,140
588,Wh-3,WEST,SKU-275,315
589,Wh-3,WEST,SKU-277,133
590,Wh-3,WEST,SKU-278,313
591,Wh-3,WEST,SKU-279,24
592,Wh-3,WEST,SKU-28,28
593,Wh-3,WEST,SKU-280,22
594,Wh-3,WEST,SKU-281,14
595,Wh-3,WEST,SKU-282,97
596,Wh-3,WEST,SKU-283,96
597,Wh-3,WEST,SKU-284,22
598,Wh-3,WEST,SKU-285,28
599,Wh-3,WEST,SKU-289,105
600,Wh-3,WEST,SKU-29,28
601,Wh-3,WEST,SKU-290,315
602,Wh-3,WEST,SKU-291,189
603,Wh-3,WEST,SKU-292,483
604,Wh-3,WEST,SKU-293,148
605,Wh-3,WEST,SKU-297,105
606,Wh-3,WEST,SKU-299,178
607,Wh-3,WEST,SKU-3,29
608,Wh-3,WEST,SKU-30,538
609,Wh-3,WEST,SKU-300,23
610,Wh-3,WEST,SKU-301,47
611,Wh-3,WEST,SKU-302,43
612,Wh-3,WEST,SKU-306,21
613,Wh-3,WEST,SKU-31,178
614,Wh-3,WEST,SKU-314,78
615,Wh-3,WEST,SKU-315,53
616,Wh-3,WEST,SKU-316,8
617,Wh-3,WEST,SKU-317,480
618,Wh-3,WEST,SKU-318,73
619,Wh-3,WEST,SKU-319,128
620,Wh-3,WEST,SKU-32,923
621,Wh-3,WEST,SKU-320,138
622,Wh-3,WEST,SKU-321,164
623,Wh-3,WEST,SKU-322,104
624,Wh-3,WEST,SKU-323,60
625,Wh-3,WEST,SKU-324,116
626,Wh-3,WEST,SKU-325,150
627,Wh-3,WEST,SKU-326,566
628,Wh-3,WEST,SKU-327,16
629,Wh-3,WEST,SKU-328,138
630,Wh-3,WEST,SKU-33,70
631,Wh-3,WEST,SKU-331,843
632,Wh-3,WEST,SKU-332,210
633,Wh-3,WEST,SKU-339,124
634,Wh-3,WEST,SKU-34,245
635,Wh-3,WEST,SKU-341,79
636,Wh-3,WEST,SKU-343,503
637,Wh-3,WEST,SKU-35,17
638,Wh-3,WEST,SKU-350,41
639,Wh-3,WEST,SKU-351,30
640,Wh-3,WEST,SKU-352,82
641,Wh-3,WEST,SKU-353,60
642,Wh-3,WEST,SKU-354,103
643,Wh-3,WEST,SKU-355,42
644,Wh-3,WEST,SKU-356,26
645,Wh-3,WEST,SKU-357,354
646,Wh-3,WEST,SKU-358,3
647,Wh-3,WEST,SKU-359,165
648,Wh-3,WEST,SKU-36,138
649,Wh-3,WEST,SKU-360,77
650,Wh-3,WEST,SKU-361,122
651,Wh-3,WEST,SKU-362,37
652,Wh-3,WEST,SKU-363,824
653,Wh-3,WEST,SKU-364,884
654,Wh-3,WEST,SKU-365,243
655,Wh-3,WEST,SKU-366,290
656,Wh-3,WEST,SKU-367,89
657,Wh-3,WEST,SKU-368,77
658,Wh-3,WEST,SKU-369,19
659,Wh-3,WEST,SKU-37,254
660,Wh-3,WEST,SKU-370,989
661,Wh-3,WEST,SKU-371,875
662,Wh-3,WEST,SKU-372,369
663,Wh-3,WEST,SKU-373,5
664,Wh-3,WEST,SKU-374,287
665,Wh-3,WEST,SKU-375,68
666,Wh-3,WEST,SKU-376,24
667,Wh-3,WEST,SKU-377,18
668,Wh-3,WEST,SKU-378,23
669,Wh-3,WEST,SKU-379,413
670,Wh-3,WEST,SKU-38,539
671,Wh-3,WEST,SKU-380,114
672,Wh-3,WEST,SKU-381,133
673,Wh-3,WEST,SKU-382,64
674,Wh-3,WEST,SKU-383,253
675,Wh-3,WEST,SKU-384,18
676,Wh-3,WEST,SKU-385,32
677,Wh-3,WEST,SKU-386,109
678,Wh-3,WEST,SKU-387,66
679,Wh-3,WEST,SKU-388,143
680,Wh-3,WEST,SKU-389,1
681,Wh-3,WEST,SKU-39,1938
682,Wh-3,WEST,SKU-390,19
683,Wh-3,WEST,SKU-391,2
684,Wh-3,WEST,SKU-392,9
685,Wh-3,WEST,SKU-393,17
686,Wh-3,WEST,SKU-394,19
687,Wh-3,WEST,SKU-395,11
688,Wh-3,WEST,SKU-396,48
689,Wh-3,WEST,SKU-397,386
690,Wh-3,WEST,SKU-398,19
691,Wh-3,WEST,SKU-399,244
692,Wh-3,WEST,SKU-4,74
693,Wh-3,WEST,SKU-40,1096
694,Wh-3,WEST,SKU-400,237
695,Wh-3,WEST,SKU-401,225
696,Wh-3,WEST,SKU-402,17
697,Wh-3,WEST,SKU-41,36
698,Wh-3,WEST,SKU-42,57
699,Wh-3,WEST,SKU-43,94
700,Wh-3,WEST,SKU-44,70
701,Wh-3,WEST,SKU-45,60
702,Wh-3,WEST,SKU-46,396
703,Wh-3,WEST,SKU-47,2465
704,Wh-3,WEST,SKU-49,324
705,Wh-3,WEST,SKU-5,147
706,Wh-3,WEST,SKU-50,760
707,Wh-3,WEST,SKU-51,1927
708,Wh-3,WEST,SKU-53,323
709,Wh-3,WEST,SKU-54,28
710,Wh-3,WEST,SKU-55,57
711,Wh-3,WEST,SKU-56,229
712,Wh-3,WEST,SKU-57,63
713,Wh-3,WEST,SKU-58,66
714,Wh-3,WEST,SKU-59,127
715,Wh-3,WEST,SKU-6,34
716,Wh-3,WEST,SKU-60,128
717,Wh-3,WEST,SKU-61,987
718,Wh-3,WEST,SKU-62,138
719,Wh-3,WEST,SKU-63,44
720,Wh-3,WEST,SKU-66,53
721,Wh-3,WEST,SKU-67,68
722,Wh-3,WEST,SKU-68,26
723,Wh-3,WEST,SKU-69,208
724,Wh-3,WEST,SKU-7,705
725,Wh-3,WEST,SKU-70,145
726,Wh-3,WEST,SKU-71,57
727,Wh-3,WEST,SKU-72,101
728,Wh-3,WEST,SKU-74,152
729,Wh-3,WEST,SKU-75,99
730,Wh-3,WEST,SKU-76,16
731,Wh-3,WEST,SKU-77,372
732,Wh-3,WEST,SKU-78,531
733,Wh-3,WEST,SKU-79,309
734,Wh-3,WEST,SKU-8,291
735,Wh-3,WEST,SKU-80,120
736,Wh-3,WEST,SKU-81,49
737,Wh-3,WEST,SKU-82,149
738,Wh-3,WEST,SKU-83,278
739,Wh-3,WEST,SKU-84,637
740,Wh-3,WEST,SKU-85,7
741,Wh-3,WEST,SKU-86,283
742,Wh-3,WEST,SKU-87,4
743,Wh-3,WEST,SKU-88,237
744,Wh-3,WEST,SKU-89,530
745,Wh-3,WEST,SKU-9,319
746,Wh-3,WEST,SKU-90,32
747,Wh-3,WEST,SKU-91,55
748,Wh-3,WEST,SKU-92,29
749,Wh-3,WEST,SKU-93,57
750,Wh-3,WEST,SKU-94,9
751,Wh-3,WEST,SKU-97,175
752,Wh-3,WEST,SKU-98,181
753,Wh-4,SOUTH,SKU-1,513
754,Wh-4,SOUTH,SKU-10,314
755,Wh-4,SOUTH,SKU-101,118
756,Wh-4,SOUTH,SKU-102,26
757,Wh-4,SOUTH,SKU-103,325
758,Wh-4,SOUTH,SKU-104,285
759,Wh-4,SOUTH,SKU-105,200
760,Wh-4,SOUTH,SKU-106,621
761,Wh-4,SOUTH,SKU-107,290
762,Wh-4,SOUTH,SKU-108,710
763,Wh-4,SOUTH,SKU-109,310
764,Wh-4,SOUTH,SKU-110,66
765,Wh-4,SOUTH,SKU-111,235
766,Wh-4,SOUTH,SKU-112,13
767,Wh-4,SOUTH,SKU-113,312
768,Wh-4,SOUTH,SKU-114,28
769,Wh-4,SOUTH,SKU-115,21
770,Wh-4,SOUTH,SKU-116,22
771,Wh-4,SOUTH,SKU-117,19
772,Wh-4,SOUTH,SKU-121,407
773,Wh-4,SOUTH,SKU-122,264
774,Wh-4,SOUTH,SKU-123,168
775,Wh-4,SOUTH,SKU-124,2850
776,Wh-4,SOUTH,SKU-126,52
777,Wh-4,SOUTH,SKU-127,503
778,Wh-4,SOUTH,SKU-128,182
779,Wh-4,SOUTH,SKU-129,930
780,Wh-4,SOUTH,SKU-13,1994
781,Wh-4,SOUTH,SKU-131,823
782,Wh-4,SOUTH,SKU-132,1639
783,Wh-4,SOUTH,SKU-133,3784
784,Wh-4,SOUTH,SKU-134,366
785,Wh-4,SOUTH,SKU-136,1076
786,Wh-4,SOUTH,SKU-137,1159
787,Wh-4,SOUTH,SKU-140,1606
788,Wh-4,SOUTH,SKU-141,493
789,Wh-4,SOUTH,SKU-144,127
790,Wh-4,SOUTH,SKU-147,1007
791,Wh-4,SOUTH,SKU-148,182
792,Wh-4,SOUTH,SKU-149,238
793,Wh-4,SOUTH,SKU-150,456
794,Wh-4,SOUTH,SKU-151,2108
795,Wh-4,SOUTH,SKU-152,1378
796,Wh-4,SOUTH,SKU-154,9
797,Wh-4,SOUTH,SKU-155,46
798,Wh-4,SOUTH,SKU-156,16
799,Wh-4,SOUTH,SKU-157,239
800,Wh-4,SOUTH,SKU-158,92
801,Wh-4,SOUTH,SKU-159,39
802,Wh-4,SOUTH,SKU-160,140
803,Wh-4,SOUTH,SKU-161,130
804,Wh-4,SOUTH,SKU-162,2
805,Wh-4,SOUTH,SKU-163,17
806,Wh-4,SOUTH,SKU-164,11
807,Wh-4,SOUTH,SKU-165,160
808,Wh-4,SOUTH,SKU-166,102
809,Wh-4,SOUTH,SKU-167,149
810,Wh-4,SOUTH,SKU-169,17
811,Wh-4,SOUTH,SKU-17,672
812,Wh-4,SOUTH,SKU-170,20
813,Wh-4,SOUTH,SKU-171,8
814,Wh-4,SOUTH,SKU-172,11
815,Wh-4,SOUTH,SKU-173,319
816,Wh-4,SOUTH,SKU-174,17
817,Wh-4,SOUTH,SKU-175,6
818,Wh-4,SOUTH,SKU-176,6
819,Wh-4,SOUTH,SKU-177,8
820,Wh-4,SOUTH,SKU-178,8
821,Wh-4,SOUTH,SKU-179,17
822,Wh-4,SOUTH,SKU-180,4
823,Wh-4,SOUTH,SKU-182,38
824,Wh-4,SOUTH,SKU-183,14
825,Wh-4,SOUTH,SKU-184,10
826,Wh-4,SOUTH,SKU-185,51
827,Wh-4,SOUTH,SKU-186,80
828,Wh-4,SOUTH,SKU-187,19
829,Wh-4,SOUTH,SKU-19,13
830,Wh-4,SOUTH,SKU-190,151
831,Wh-4,SOUTH,SKU-193,32
832,Wh-4,SOUTH,SKU-194,132
833,Wh-4,SOUTH,SKU-196,125
834,Wh-4,SOUTH,SKU-199,186
835,Wh-4,SOUTH,SKU-2,92
836,Wh-4,SOUTH,SKU-20,25
837,Wh-4,SOUTH,SKU-200,15
838,Wh-4,SOUTH,SKU-201,27
839,Wh-4,SOUTH,SKU-202,12
840,Wh-4,SOUTH,SKU-203,151
841,Wh-4,SOUTH,SKU-204,35
842,Wh-4,SOUTH,SKU-205,28
843,Wh-4,SOUTH,SKU-206,695
844,Wh-4,SOUTH,SKU-208,42
845,Wh-4,SOUTH,SKU-21,71
846,Wh-4,SOUTH,SKU-211,337
847,Wh-4,SOUTH,SKU-212,14
848,Wh-4,SOUTH,SKU-214,34
849,Wh-4,SOUTH,SKU-215,256
850,Wh-4,SOUTH,SKU-217,46
851,Wh-4,SOUTH,SKU-218,88
852,Wh-4,SOUTH,SKU-219,91
853,Wh-4,SOUTH,SKU-22,65
854,Wh-4,SOUTH,SKU-220,257
855,Wh-4,SOUTH,SKU-221,75
856,Wh-4,SOUTH,SKU-224,236
857,Wh-4,SOUTH,SKU-225,458
858,Wh-4,SOUTH,SKU-226,80
859,Wh-4,SOUTH,SKU-228,22
860,Wh-4,SOUTH,SKU-229,179
861,Wh-4,SOUTH,SKU-23,22
862,Wh-4,SOUTH,SKU-230,58
863,Wh-4,SOUTH,SKU-231,30
864,Wh-4,SOUTH,SKU-232,19
865,Wh-4,SOUTH,SKU-233,101
866,Wh-4,SOUTH,SKU-234,113
867,Wh-4,SOUTH,SKU-237,437
868,Wh-4,SOUTH,SKU-239,90
869,Wh-4,SOUTH,SKU-24,85
870,Wh-4,SOUTH,SKU-240,179
871,Wh-4,SOUTH,SKU-243,285
872,Wh-4,SOUTH,SKU-244,47
873,Wh-4,SOUTH,SKU-245,188
874,Wh-4,SOUTH,SKU-246,69
875,Wh-4,SOUTH,SKU-248,241
876,Wh-4,SOUTH,SKU-25,124
877,Wh-4,SOUTH,SKU-250,276
878,Wh-4,SOUTH,SKU-251,765
879,Wh-4,SOUTH,SKU-252,555
880,Wh-4,SOUTH,SKU-253,591
881,Wh-4,SOUTH,SKU-254,252
882,Wh-4,SOUTH,SKU-255,314
883,Wh-4,SOUTH,SKU-256,777
884,Wh-4,SOUTH,SKU-257,463
885,Wh-4,SOUTH,SKU-258,774
886,Wh-4,SOUTH,SKU-259,576
887,Wh-4,SOUTH,SKU-26,99
888,Wh-4,SOUTH,SKU-260,96
889,Wh-4,SOUTH,SKU-261,548
890,Wh-4,SOUTH,SKU-263,137
891,Wh-4,SOUTH,SKU-264,3222
892,Wh-4,SOUTH,SKU-267,47
893,Wh-4,SOUTH,SKU-268,897
894,Wh-4,SOUTH,SKU-269,377
895,Wh-4,SOUTH,SKU-27,139
896,Wh-4,SOUTH,SKU-270,498
897,Wh-4,SOUTH,SKU-271,3171
898,Wh-4,SOUTH,SKU-272,191
899,Wh-4,SOUTH,SKU-273,66
900,Wh-4,SOUTH,SKU-274,359
901,Wh-4,SOUTH,SKU-275,666
902,Wh-4,SOUTH,SKU-276,65
903,Wh-4,SOUTH,SKU-277,254
904,Wh-4,SOUTH,SKU-278,209
905,Wh-4,SOUTH,SKU-279,295
906,Wh-4,SOUTH,SKU-28,35
907,Wh-4,SOUTH,SKU-280,160
908,Wh-4,SOUTH,SKU-281,139
909,Wh-4,SOUTH,SKU-282,116
910,Wh-4,SOUTH,SKU-284,86
911,Wh-4,SOUTH,SKU-285,45
912,Wh-4,SOUTH,SKU-286,182
913,Wh-4,SOUTH,SKU-287,113
914,Wh-4,SOUTH,SKU-288,61
915,Wh-4,SOUTH,SKU-289,42
916,Wh-4,SOUTH,SKU-29,116
917,Wh-4,SOUTH,SKU-297,69
918,Wh-4,SOUTH,SKU-3,16
919,Wh-4,SOUTH,SKU-30,645
920,Wh-4,SOUTH,SKU-31,290
921,Wh-4,SOUTH,SKU-314,27
922,Wh-4,SOUTH,SKU-315,15
923,Wh-4,SOUTH,SKU-316,17
924,Wh-4,SOUTH,SKU-317,161
925,Wh-4,SOUTH,SKU-318,22
926,Wh-4,SOUTH,SKU-319,87
927,Wh-4,SOUTH,SKU-32,1235
928,Wh-4,SOUTH,SKU-320,16
929,Wh-4,SOUTH,SKU-321,61
930,Wh-4,SOUTH,SKU-322,27
931,Wh-4,SOUTH,SKU-324,225
932,Wh-4,SOUTH,SKU-325,20
933,Wh-4,SOUTH,SKU-326,801
934,Wh-4,SOUTH,SKU-327,12
935,Wh-4,SOUTH,SKU-33,111
936,Wh-4,SOUTH,SKU-331,377
937,Wh-4,SOUTH,SKU-332,422
938,Wh-4,SOUTH,SKU-338,9
939,Wh-4,SOUTH,SKU-339,560
940,Wh-4,SOUTH,SKU-34,556
941,Wh-4,SOUTH,SKU-344,4
942,Wh-4,SOUTH,SKU-35,17
943,Wh-4,SOUTH,SKU-351,21
944,Wh-4,SOUTH,SKU-353,14
945,Wh-4,SOUTH,SKU-354,93
946,Wh-4,SOUTH,SKU-359,156
947,Wh-4,SOUTH,SKU-36,82
948,Wh-4,SOUTH,SKU-361,160
949,Wh-4,SOUTH,SKU-362,222
950,Wh-4,SOUTH,SKU-368,72
951,Wh-4,SOUTH,SKU-37,698
952,Wh-4,SOUTH,SKU-373,16
953,Wh-4,SOUTH,SKU-375,29
954,Wh-4,SOUTH,SKU-377,14
955,Wh-4,SOUTH,SKU-384,88
956,Wh-4,SOUTH,SKU-385,338
957,Wh-4,SOUTH,SKU-386,544
958,Wh-4,SOUTH,SKU-387,659
959,Wh-4,SOUTH,SKU-39,645
960,Wh-4,SOUTH,SKU-396,23
961,Wh-4,SOUTH,SKU-397,274
962,Wh-4,SOUTH,SKU-399,466
963,Wh-4,SOUTH,SKU-4,907
964,Wh-4,SOUTH,SKU-40,1328
965,Wh-4,SOUTH,SKU-404,402
966,Wh-4,SOUTH,SKU-406,134
967,Wh-4,SOUTH,SKU-41,124
968,Wh-4,SOUTH,SKU-416,231
969,Wh-4,SOUTH,SKU-417,118
970,Wh-4,SOUTH,SKU-418,35
971,Wh-4,SOUTH,SKU-419,57
972,Wh-4,SOUTH,SKU-42,66
973,Wh-4,SOUTH,SKU-420,82
974,Wh-4,SOUTH,SKU-421,18
975,Wh-4,SOUTH,SKU-422,230
976,Wh-4,SOUTH,SKU-423,77
977,Wh-4,SOUTH,SKU-424,34
978,Wh-4,SOUTH,SKU-425,8
979,Wh-4,SOUTH,SKU-426,27
980,Wh-4,SOUTH,SKU-427,149
981,Wh-4,SOUTH,SKU-428,99
982,Wh-4,SOUTH,SKU-429,47
983,Wh-4,SOUTH,SKU-43,23
984,Wh-4,SOUTH,SKU-430,97
985,Wh-4,SOUTH,SKU-431,191
986,Wh-4,SOUTH,SKU-432,25
987,Wh-4,SOUTH,SKU-433,7
988,Wh-4,SOUTH,SKU-434,15
989,Wh-4,SOUTH,SKU-44,63
990,Wh-4,SOUTH,SKU-45,42
991,Wh-4,SOUTH,SKU-46,177
992,Wh-4,SOUTH,SKU-47,1104
993,Wh-4,SOUTH,SKU-5,604
994,Wh-4,SOUTH,SKU-50,133
995,Wh-4,SOUTH,SKU-51,854
996,Wh-4,SOUTH,SKU-53,410
997,Wh-4,SOUTH,SKU-54,43
998,Wh-4,SOUTH,SKU-55,204
999,Wh-4,SOUTH,SKU-56,314
1000,Wh-4,SOUTH,SKU-57,33
1001,Wh-4,SOUTH,SKU-58,49
1002,Wh-4,SOUTH,SKU-59,53
1003,Wh-4,SOUTH,SKU-6,28
1004,Wh-4,SOUTH,SKU-60,71
1005,Wh-4,SOUTH,SKU-61,2315
1006,Wh-4,SOUTH,SKU-62,147
1007,Wh-4,SOUTH,SKU-63,179
1008,Wh-4,SOUTH,SKU-64,182
1009,Wh-4,SOUTH,SKU-65,102
1010,Wh-4,SOUTH,SKU-66,34
1011,Wh-4,SOUTH,SKU-67,100
1012,Wh-4,SOUTH,SKU-69,318
1013,Wh-4,SOUTH,SKU-7,1337
1014,Wh-4,SOUTH,SKU-70,162
1015,Wh-4,SOUTH,SKU-71,73
1016,Wh-4,SOUTH,SKU-72,108
1017,Wh-4,SOUTH,SKU-73,54
1018,Wh-4,SOUTH,SKU-74,36
1019,Wh-4,SOUTH,SKU-76,7
1020,Wh-4,SOUTH,SKU-77,41
1021,Wh-4,SOUTH,SKU-78,133
1022,Wh-4,SOUTH,SKU-79,104
1023,Wh-4,SOUTH,SKU-8,1576
1024,Wh-4,SOUTH,SKU-80,1273
1025,Wh-4,SOUTH,SKU-81,1242
1026,Wh-4,SOUTH,SKU-82,286
1027,Wh-4,SOUTH,SKU-84,180
1028,Wh-4,SOUTH,SKU-86,88
1029,Wh-4,SOUTH,SKU-87,12
1030,Wh-4,SOUTH,SKU-88,1820
1031,Wh-4,SOUTH,SKU-89,242
1032,Wh-4,SOUTH,SKU-9,469
1033,Wh-4,SOUTH,SKU-90,62
1034,Wh-4,SOUTH,SKU-92,51
1035,Wh-4,SOUTH,SKU-93,149
1036,Wh-4,SOUTH,SKU-95,36
1037,Wh-4,SOUTH,SKU-97,789
1038,Wh-4,SOUTH,SKU-98,370
