,Warehouse id,Region,SKU id,Jun-21
0,Wh-1,NORTH,SKU-1,4
1,Wh-1,NORTH,SKU-2,12
2,Wh-1,NORTH,SKU-3,4
3,Wh-1,NORTH,SKU-4,18
4,Wh-1,NORTH,SKU-5,68
5,Wh-1,NORTH,SKU-6,29
6,Wh-1,NORTH,SKU-7,159
7,Wh-1,NORTH,SKU-8,111
8,Wh-1,NORTH,SKU-9,55
9,Wh-1,NORTH,SKU-10,34
10,Wh-1,NORTH,SKU-11,5
11,Wh-1,NORTH,SKU-12,75
12,Wh-1,NORTH,SKU-13,2247
13,Wh-1,NORTH,SKU-14,53
14,Wh-1,NORTH,SKU-15,10
15,Wh-1,NORTH,SKU-16,66
16,Wh-1,NORTH,SKU-17,1363
17,Wh-1,NORTH,SKU-18,84
18,Wh-1,NORTH,SKU-19,10
19,Wh-1,NORTH,SKU-20,6
20,Wh-1,NORTH,SKU-21,15
21,Wh-1,NORTH,SKU-22,5
22,Wh-1,NORTH,SKU-23,39
23,Wh-1,NORTH,SKU-24,9
24,Wh-1,NORTH,SKU-25,51
25,Wh-1,NORTH,SKU-26,14
26,Wh-1,NORTH,SKU-27,8
27,Wh-1,NORTH,SKU-28,16
28,Wh-1,NORTH,SKU-29,10
29,Wh-1,NORTH,SKU-30,67
30,Wh-1,NORTH,SKU-31,86
31,Wh-1,NORTH,SKU-32,79
32,Wh-1,NORTH,SKU-33,29
33,Wh-1,NORTH,SKU-34,71
34,Wh-1,NORTH,SKU-35,8
35,Wh-1,NORTH,SKU-36,28
36,Wh-1,NORTH,SKU-37,139
37,Wh-1,NORTH,SKU-38,68
38,Wh-1,NORTH,SKU-39,181
39,Wh-1,NORTH,SKU-40,165
40,Wh-1,NORTH,SKU-41,10
41,Wh-1,NORTH,SKU-42,11
42,Wh-1,NORTH,SKU-43,17
43,Wh-1,NORTH,SKU-44,19
44,Wh-1,NORTH,SKU-45,37
45,Wh-1,NORTH,SKU-46,47
46,Wh-1,NORTH,SKU-47,321
47,Wh-1,NORTH,SKU-48,20
48,Wh-1,NORTH,SKU-49,54
49,Wh-1,NORTH,SKU-50,113
50,Wh-1,NORTH,SKU-51,295
51,Wh-1,NORTH,SKU-52,12
52,Wh-1,NORTH,SKU-53,75
53,Wh-1,NORTH,SKU-54,27
54,Wh-1,NORTH,SKU-55,22
55,Wh-1,NORTH,SKU-56,33
56,Wh-1,NORTH,SKU-57,11
57,Wh-1,NORTH,SKU-58,18
58,Wh-1,NORTH,SKU-59,33
59,Wh-1,NORTH,SKU-60,11
60,Wh-1,NORTH,SKU-61,934
61,Wh-1,NORTH,SKU-62,43
62,Wh-1,NORTH,SKU-63,21
63,Wh-1,NORTH,SKU-64,13
64,Wh-1,NORTH,SKU-65,17
65,Wh-1,NORTH,SKU-66,17
66,Wh-1,NORTH,SKU-67,5
67,Wh-1,NORTH,SKU-68,12
68,Wh-1,NORTH,SKU-69,55
69,Wh-1,NORTH,SKU-70,63
70,Wh-1,NORTH,SKU-71,43
71,Wh-1,NORTH,SKU-72,31
72,Wh-1,NORTH,SKU-73,42
73,Wh-1,NORTH,SKU-74,6
74,Wh-1,NORTH,SKU-75,26
75,Wh-1,NORTH,SKU-76,4
76,Wh-1,NORTH,SKU-77,78
77,Wh-1,NORTH,SKU-78,51
78,Wh-1,NORTH,SKU-79,42
79,Wh-1,NORTH,SKU-80,71
80,Wh-1,NORTH,SKU-81,26
81,Wh-1,NORTH,SKU-82,25
82,Wh-1,NORTH,SKU-83,13
83,Wh-1,NORTH,SKU-84,245
84,Wh-1,NORTH,SKU-85,15
85,Wh-1,NORTH,SKU-86,27
86,Wh-1,NORTH,SKU-87,3
87,Wh-1,NORTH,SKU-88,104
88,Wh-1,NORTH,SKU-89,70
89,Wh-1,NORTH,SKU-90,35
90,Wh-1,NORTH,SKU-91,24
91,Wh-1,NORTH,SKU-92,26
92,Wh-1,NORTH,SKU-93,31
93,Wh-1,NORTH,SKU-94,13
94,Wh-1,NORTH,SKU-95,6
95,Wh-1,NORTH,SKU-96,11
96,Wh-1,NORTH,SKU-97,56
97,Wh-1,NORTH,SKU-98,18
98,Wh-1,NORTH,SKU-99,8
99,Wh-1,NORTH,SKU-100,45
100,Wh-1,NORTH,SKU-101,8
101,Wh-1,NORTH,SKU-102,16
102,Wh-1,NORTH,SKU-103,19
103,Wh-1,NORTH,SKU-104,32
104,Wh-1,NORTH,SKU-105,13
105,Wh-1,NORTH,SKU-106,237
106,Wh-1,NORTH,SKU-107,89
107,Wh-1,NORTH,SKU-108,84
108,Wh-1,NORTH,SKU-109,27
109,Wh-1,NORTH,SKU-110,20
110,Wh-1,NORTH,SKU-111,37
111,Wh-1,NORTH,SKU-112,13
112,Wh-1,NORTH,SKU-113,131
113,Wh-1,NORTH,SKU-114,27
114,Wh-1,NORTH,SKU-115,26
115,Wh-1,NORTH,SKU-116,17
116,Wh-1,NORTH,SKU-117,305
117,Wh-1,NORTH,SKU-118,2
118,Wh-1,NORTH,SKU-119,19
119,Wh-1,NORTH,SKU-120,84
120,Wh-1,NORTH,SKU-121,203
121,Wh-1,NORTH,SKU-122,57
122,Wh-1,NORTH,SKU-123,29
123,Wh-1,NORTH,SKU-124,244
124,Wh-1,NORTH,SKU-125,103
125,Wh-1,NORTH,SKU-126,53
126,Wh-1,NORTH,SKU-127,52
127,Wh-1,NORTH,SKU-128,37
128,Wh-1,NORTH,SKU-129,21
129,Wh-1,NORTH,SKU-130,130
130,Wh-1,NORTH,SKU-131,131
131,Wh-1,NORTH,SKU-132,307
132,Wh-1,NORTH,SKU-133,228
133,Wh-1,NORTH,SKU-134,141
134,Wh-1,NORTH,SKU-135,80
135,Wh-1,NORTH,SKU-136,171
136,Wh-1,NORTH,SKU-137,139
137,Wh-1,NORTH,SKU-138,26
138,Wh-1,NORTH,SKU-139,54
139,Wh-1,NORTH,SKU-140,186
140,Wh-1,NORTH,SKU-141,165
141,Wh-1,NORTH,SKU-142,17
142,Wh-1,NORTH,SKU-143,30
143,Wh-1,NORTH,SKU-144,11
144,Wh-1,NORTH,SKU-145,69
145,Wh-1,NORTH,SKU-146,39
146,Wh-1,NORTH,SKU-147,176
147,Wh-1,NORTH,SKU-148,48
148,Wh-1,NORTH,SKU-149,97
149,Wh-1,NORTH,SKU-150,271
150,Wh-1,NORTH,SKU-151,576
151,Wh-1,NORTH,SKU-152,76
152,Wh-1,NORTH,SKU-153,26
153,Wh-1,NORTH,SKU-154,4
154,Wh-1,NORTH,SKU-155,18
155,Wh-1,NORTH,SKU-156,4
156,Wh-1,NORTH,SKU-157,49
157,Wh-1,NORTH,SKU-158,26
158,Wh-1,NORTH,SKU-159,37
159,Wh-1,NORTH,SKU-160,34
160,Wh-1,NORTH,SKU-161,11
161,Wh-1,NORTH,SKU-162,10
162,Wh-1,NORTH,SKU-163,6
163,Wh-1,NORTH,SKU-164,90
164,Wh-1,NORTH,SKU-165,16
165,Wh-1,NORTH,SKU-166,20
166,Wh-1,NORTH,SKU-167,26
167,Wh-1,NORTH,SKU-168,65
168,Wh-1,NORTH,SKU-169,12
169,Wh-1,NORTH,SKU-170,7
170,Wh-1,NORTH,SKU-171,5
171,Wh-1,NORTH,SKU-172,2
172,Wh-1,NORTH,SKU-173,52
173,Wh-1,NORTH,SKU-174,3
174,Wh-1,NORTH,SKU-175,2
175,Wh-1,NORTH,SKU-176,3
176,Wh-1,NORTH,SKU-177,11
177,Wh-1,NORTH,SKU-178,15
178,Wh-1,NORTH,SKU-179,4
179,Wh-1,NORTH,SKU-180,5
180,Wh-1,NORTH,SKU-181,6
181,Wh-1,NORTH,SKU-182,56
182,Wh-1,NORTH,SKU-183,6
183,Wh-1,NORTH,SKU-184,11
184,Wh-1,NORTH,SKU-185,35
185,Wh-1,NORTH,SKU-186,9
186,Wh-1,NORTH,SKU-187,13
187,Wh-1,NORTH,SKU-188,16
188,Wh-1,NORTH,SKU-189,11
189,Wh-1,NORTH,SKU-190,391
190,Wh-1,NORTH,SKU-191,9
191,Wh-1,NORTH,SKU-192,46
192,Wh-1,NORTH,SKU-193,465
193,Wh-1,NORTH,SKU-194,59
194,Wh-1,NORTH,SKU-195,24
195,Wh-1,NORTH,SKU-196,215
196,Wh-1,NORTH,SKU-197,14
197,Wh-1,NORTH,SKU-198,11
198,Wh-1,NORTH,SKU-199,45
199,Wh-1,NORTH,SKU-200,13
200,Wh-1,NORTH,SKU-201,8
201,Wh-1,NORTH,SKU-202,5
202,Wh-1,NORTH,SKU-203,9
203,Wh-1,NORTH,SKU-204,27
204,Wh-1,NORTH,SKU-205,24
205,Wh-1,NORTH,SKU-206,505
206,Wh-1,NORTH,SKU-207,18
207,Wh-1,NORTH,SKU-208,3
208,Wh-1,NORTH,SKU-209,37
209,Wh-1,NORTH,SKU-210,22
210,Wh-1,NORTH,SKU-211,169
211,Wh-1,NORTH,SKU-212,28
212,Wh-1,NORTH,SKU-213,19
213,Wh-1,NORTH,SKU-214,14
214,Wh-1,NORTH,SKU-215,22
215,Wh-1,NORTH,SKU-216,8
216,Wh-1,NORTH,SKU-217,7
217,Wh-1,NORTH,SKU-218,5
218,Wh-1,NORTH,SKU-219,19
219,Wh-1,NORTH,SKU-220,25
220,Wh-1,NORTH,SKU-221,50
221,Wh-1,NORTH,SKU-222,25
222,Wh-1,NORTH,SKU-223,13
223,Wh-1,NORTH,SKU-224,234
224,Wh-1,NORTH,SKU-225,460
225,Wh-1,NORTH,SKU-226,120
226,Wh-1,NORTH,SKU-227,5
227,Wh-1,NORTH,SKU-228,7
228,Wh-1,NORTH,SKU-229,13
229,Wh-1,NORTH,SKU-230,23
230,Wh-1,NORTH,SKU-231,28
231,Wh-1,NORTH,SKU-232,26
232,Wh-1,NORTH,SKU-233,32
233,Wh-2,EAST,SKU-1,7
234,Wh-2,EAST,SKU-2,2
235,Wh-2,EAST,SKU-3,2
236,Wh-2,EAST,SKU-4,26
237,Wh-2,EAST,SKU-5,49
238,Wh-2,EAST,SKU-6,26
239,Wh-2,EAST,SKU-7,38
240,Wh-2,EAST,SKU-8,83
241,Wh-2,EAST,SKU-9,22
242,Wh-2,EAST,SKU-10,7
243,Wh-2,EAST,SKU-13,36
244,Wh-2,EAST,SKU-17,46
245,Wh-2,EAST,SKU-20,3
246,Wh-2,EAST,SKU-21,28
247,Wh-2,EAST,SKU-22,5
248,Wh-2,EAST,SKU-23,3
249,Wh-2,EAST,SKU-24,23
250,Wh-2,EAST,SKU-25,8
251,Wh-2,EAST,SKU-26,14
252,Wh-2,EAST,SKU-27,6
253,Wh-2,EAST,SKU-28,8
254,Wh-2,EAST,SKU-29,37
255,Wh-2,EAST,SKU-30,10
256,Wh-2,EAST,SKU-31,26
257,Wh-2,EAST,SKU-32,90
258,Wh-2,EAST,SKU-33,7
259,Wh-2,EAST,SKU-34,21
260,Wh-2,EAST,SKU-36,21
261,Wh-2,EAST,SKU-37,137
262,Wh-2,EAST,SKU-39,48
263,Wh-2,EAST,SKU-40,29
264,Wh-2,EAST,SKU-41,223
265,Wh-2,EAST,SKU-44,9
266,Wh-2,EAST,SKU-45,14
267,Wh-2,EAST,SKU-47,73
268,Wh-2,EAST,SKU-50,9
269,Wh-2,EAST,SKU-51,30
270,Wh-2,EAST,SKU-53,65
271,Wh-2,EAST,SKU-56,19
272,Wh-2,EAST,SKU-57,10
273,Wh-2,EAST,SKU-59,4
274,Wh-2,EAST,SKU-62,20
275,Wh-2,EAST,SKU-66,16
276,Wh-2,EAST,SKU-67,29
277,Wh-2,EAST,SKU-69,255
278,Wh-2,EAST,SKU-70,37
279,Wh-2,EAST,SKU-71,31
280,Wh-2,EAST,SKU-72,156
281,Wh-2,EAST,SKU-73,8
282,Wh-2,EAST,SKU-76,5
283,Wh-2,EAST,SKU-77,14
284,Wh-2,EAST,SKU-78,95
285,Wh-2,EAST,SKU-79,19
286,Wh-2,EAST,SKU-80,44
287,Wh-2,EAST,SKU-81,17
288,Wh-2,EAST,SKU-82,38
289,Wh-2,EAST,SKU-84,7
290,Wh-2,EAST,SKU-86,12
291,Wh-2,EAST,SKU-87,3
292,Wh-2,EAST,SKU-88,42
293,Wh-2,EAST,SKU-89,25
294,Wh-2,EAST,SKU-97,8
295,Wh-2,EAST,SKU-106,56
296,Wh-2,EAST,SKU-107,11
297,Wh-2,EAST,SKU-108,62
298,Wh-2,EAST,SKU-109,15
299,Wh-2,EAST,SKU-110,5
300,Wh-2,EAST,SKU-111,104
301,Wh-2,EAST,SKU-112,12
302,Wh-2,EAST,SKU-113,44
303,Wh-2,EAST,SKU-114,21
304,Wh-2,EAST,SKU-115,7
305,Wh-2,EAST,SKU-116,4
306,Wh-2,EAST,SKU-117,489
307,Wh-2,EAST,SKU-118,3
308,Wh-2,EAST,SKU-119,31
309,Wh-2,EAST,SKU-120,191
310,Wh-2,EAST,SKU-121,164
311,Wh-2,EAST,SKU-123,138
312,Wh-2,EAST,SKU-124,74
313,Wh-2,EAST,SKU-125,716
314,Wh-2,EAST,SKU-126,97
315,Wh-2,EAST,SKU-127,39
316,Wh-2,EAST,SKU-132,114
317,Wh-2,EAST,SKU-133,301
318,Wh-2,EAST,SKU-134,106
319,Wh-2,EAST,SKU-138,42
320,Wh-2,EAST,SKU-139,14
321,Wh-2,EAST,SKU-140,158
322,Wh-2,EAST,SKU-141,152
323,Wh-2,EAST,SKU-144,38
324,Wh-2,EAST,SKU-146,119
325,Wh-2,EAST,SKU-147,98
326,Wh-2,EAST,SKU-148,99
327,Wh-2,EAST,SKU-149,320
328,Wh-2,EAST,SKU-150,136
329,Wh-2,EAST,SKU-151,167
330,Wh-2,EAST,SKU-152,18
331,Wh-2,EAST,SKU-157,24
332,Wh-2,EAST,SKU-158,4
333,Wh-2,EAST,SKU-161,6
334,Wh-2,EAST,SKU-162,3
335,Wh-2,EAST,SKU-163,11
336,Wh-2,EAST,SKU-164,2
337,Wh-2,EAST,SKU-165,4
338,Wh-2,EAST,SKU-166,15
339,Wh-2,EAST,SKU-167,13
340,Wh-2,EAST,SKU-172,1
341,Wh-2,EAST,SKU-178,4
342,Wh-2,EAST,SKU-179,1
343,Wh-2,EAST,SKU-182,12
344,Wh-2,EAST,SKU-185,19
345,Wh-2,EAST,SKU-186,12
346,Wh-2,EAST,SKU-187,5
347,Wh-2,EAST,SKU-189,20
348,Wh-2,EAST,SKU-190,337
349,Wh-2,EAST,SKU-194,17
350,Wh-2,EAST,SKU-195,9
351,Wh-2,EAST,SKU-196,33
352,Wh-2,EAST,SKU-198,11
353,Wh-2,EAST,SKU-199,42
354,Wh-2,EAST,SKU-205,14
355,Wh-2,EAST,SKU-206,71
356,Wh-2,EAST,SKU-208,3
357,Wh-2,EAST,SKU-210,5
358,Wh-2,EAST,SKU-211,22
359,Wh-2,EAST,SKU-214,31
360,Wh-2,EAST,SKU-216,268
361,Wh-2,EAST,SKU-217,19
362,Wh-2,EAST,SKU-219,20
363,Wh-2,EAST,SKU-220,101
364,Wh-2,EAST,SKU-221,27
365,Wh-2,EAST,SKU-224,21
366,Wh-2,EAST,SKU-225,18
367,Wh-2,EAST,SKU-226,27
368,Wh-2,EAST,SKU-230,11
369,Wh-2,EAST,SKU-231,12
370,Wh-2,EAST,SKU-232,19
371,Wh-2,EAST,SKU-233,26
372,Wh-2,EAST,SKU-234,38
373,Wh-2,EAST,SKU-237,55
374,Wh-2,EAST,SKU-239,11
375,Wh-2,EAST,SKU-240,40
376,Wh-2,EAST,SKU-244,14
377,Wh-2,EAST,SKU-248,130
378,Wh-2,EAST,SKU-250,19
379,Wh-2,EAST,SKU-251,31
380,Wh-2,EAST,SKU-257,21
381,Wh-2,EAST,SKU-258,240
382,Wh-2,EAST,SKU-259,757
383,Wh-2,EAST,SKU-260,8
384,Wh-2,EAST,SKU-261,47
385,Wh-2,EAST,SKU-262,29
386,Wh-2,EAST,SKU-263,111
387,Wh-2,EAST,SKU-264,1110
388,Wh-2,EAST,SKU-265,20
389,Wh-2,EAST,SKU-267,43
390,Wh-2,EAST,SKU-268,438
391,Wh-2,EAST,SKU-269,19
392,Wh-2,EAST,SKU-270,15
393,Wh-2,EAST,SKU-271,13
394,Wh-2,EAST,SKU-272,35
395,Wh-2,EAST,SKU-275,52
396,Wh-2,EAST,SKU-276,33
397,Wh-2,EAST,SKU-278,17
398,Wh-2,EAST,SKU-287,100
399,Wh-2,EAST,SKU-288,92
400,Wh-2,EAST,SKU-289,177
401,Wh-2,EAST,SKU-291,23
402,Wh-2,EAST,SKU-292,55
403,Wh-2,EAST,SKU-293,38
404,Wh-2,EAST,SKU-297,16
405,Wh-2,EAST,SKU-306,5
406,Wh-2,EAST,SKU-312,12
407,Wh-2,EAST,SKU-315,9
408,Wh-2,EAST,SKU-316,16
409,Wh-2,EAST,SKU-319,27
410,Wh-2,EAST,SKU-321,19
411,Wh-2,EAST,SKU-322,8
412,Wh-2,EAST,SKU-328,38
413,Wh-2,EAST,SKU-329,66
414,Wh-2,EAST,SKU-330,118
415,Wh-2,EAST,SKU-332,34
416,Wh-2,EAST,SKU-337,40
417,Wh-2,EAST,SKU-338,27
418,Wh-2,EAST,SKU-339,40
419,Wh-2,EAST,SKU-340,143
420,Wh-2,EAST,SKU-342,26
421,Wh-2,EAST,SKU-343,121
422,Wh-2,EAST,SKU-344,4
423,Wh-2,EAST,SKU-345,94
424,Wh-2,EAST,SKU-352,16
425,Wh-2,EAST,SKU-359,16
426,Wh-2,EAST,SKU-361,16
427,Wh-2,EAST,SKU-386,41
428,Wh-2,EAST,SKU-387,53
429,Wh-2,EAST,SKU-389,21
430,Wh-2,EAST,SKU-392,96
431,Wh-2,EAST,SKU-399,6
432,Wh-2,EAST,SKU-403,12
433,Wh-2,EAST,SKU-404,48
434,Wh-2,EAST,SKU-405,77
435,Wh-2,EAST,SKU-406,61
436,Wh-2,EAST,SKU-407,32
437,Wh-2,EAST,SKU-408,8
438,Wh-2,EAST,SKU-409,9
439,Wh-2,EAST,SKU-410,26
440,Wh-2,EAST,SKU-411,46
441,Wh-2,EAST,SKU-412,16
442,Wh-2,EAST,SKU-413,40
443,Wh-2,EAST,SKU-414,29
444,Wh-2,EAST,SKU-415,6
445,Wh-3,WEST,SKU-1,33
446,Wh-3,WEST,SKU-2,25
447,Wh-3,WEST,SKU-3,4
448,Wh-3,WEST,SKU-4,12
449,Wh-3,WEST,SKU-5,83
450,Wh-3,WEST,SKU-6,69
451,Wh-3,WEST,SKU-7,100
452,Wh-3,WEST,SKU-8,52
453,Wh-3,WEST,SKU-9,42
454,Wh-3,WEST,SKU-10,54
455,Wh-3,WEST,SKU-13,332
456,Wh-3,WEST,SKU-17,99
457,Wh-3,WEST,SKU-19,4
458,Wh-3,WEST,SKU-20,5
459,Wh-3,WEST,SKU-21,17
460,Wh-3,WEST,SKU-22,5
461,Wh-3,WEST,SKU-23,20
462,Wh-3,WEST,SKU-24,12
463,Wh-3,WEST,SKU-25,12
464,Wh-3,WEST,SKU-26,24
465,Wh-3,WEST,SKU-27,16
466,Wh-3,WEST,SKU-28,19
467,Wh-3,WEST,SKU-29,23
468,Wh-3,WEST,SKU-30,76
469,Wh-3,WEST,SKU-31,26
470,Wh-3,WEST,SKU-32,106
471,Wh-3,WEST,SKU-33,9
472,Wh-3,WEST,SKU-34,30
473,Wh-3,WEST,SKU-35,7
474,Wh-3,WEST,SKU-36,23
475,Wh-3,WEST,SKU-37,43
476,Wh-3,WEST,SKU-38,67
477,Wh-3,WEST,SKU-39,227
478,Wh-3,WEST,SKU-40,129
479,Wh-3,WEST,SKU-41,4
480,Wh-3,WEST,SKU-42,19
481,Wh-3,WEST,SKU-43,26
482,Wh-3,WEST,SKU-44,13
483,Wh-3,WEST,SKU-45,11
484,Wh-3,WEST,SKU-46,52
485,Wh-3,WEST,SKU-47,290
486,Wh-3,WEST,SKU-49,58
487,Wh-3,WEST,SKU-50,94
488,Wh-3,WEST,SKU-51,224
489,Wh-3,WEST,SKU-53,41
490,Wh-3,WEST,SKU-54,6
491,Wh-3,WEST,SKU-55,13
492,Wh-3,WEST,SKU-56,27
493,Wh-3,WEST,SKU-57,10
494,Wh-3,WEST,SKU-58,14
495,Wh-3,WEST,SKU-59,19
496,Wh-3,WEST,SKU-60,68
497,Wh-3,WEST,SKU-61,183
498,Wh-3,WEST,SKU-62,26
499,Wh-3,WEST,SKU-63,16
500,Wh-3,WEST,SKU-66,10
501,Wh-3,WEST,SKU-67,9
502,Wh-3,WEST,SKU-68,65
503,Wh-3,WEST,SKU-69,31
504,Wh-3,WEST,SKU-70,19
505,Wh-3,WEST,SKU-71,9
506,Wh-3,WEST,SKU-72,17
507,Wh-3,WEST,SKU-74,19
508,Wh-3,WEST,SKU-75,31
509,Wh-3,WEST,SKU-76,16
510,Wh-3,WEST,SKU-77,49
511,Wh-3,WEST,SKU-78,78
512,Wh-3,WEST,SKU-79,42
513,Wh-3,WEST,SKU-80,16
514,Wh-3,WEST,SKU-81,12
515,Wh-3,WEST,SKU-82,19
516,Wh-3,WEST,SKU-83,85
517,Wh-3,WEST,SKU-84,98
518,Wh-3,WEST,SKU-85,23
519,Wh-3,WEST,SKU-86,63
520,Wh-3,WEST,SKU-87,14
521,Wh-3,WEST,SKU-88,30
522,Wh-3,WEST,SKU-89,69
523,Wh-3,WEST,SKU-90,7
524,Wh-3,WEST,SKU-91,11
525,Wh-3,WEST,SKU-92,16
526,Wh-3,WEST,SKU-93,18
527,Wh-3,WEST,SKU-94,6
528,Wh-3,WEST,SKU-97,32
529,Wh-3,WEST,SKU-98,33
530,Wh-3,WEST,SKU-123,103
531,Wh-3,WEST,SKU-124,63
532,Wh-3,WEST,SKU-126,21
533,Wh-3,WEST,SKU-127,53
534,Wh-3,WEST,SKU-128,27
535,Wh-3,WEST,SKU-132,78
536,Wh-3,WEST,SKU-133,88
537,Wh-3,WEST,SKU-134,114
538,Wh-3,WEST,SKU-137,21
539,Wh-3,WEST,SKU-139,18
540,Wh-3,WEST,SKU-140,29
541,Wh-3,WEST,SKU-141,24
542,Wh-3,WEST,SKU-144,16
543,Wh-3,WEST,SKU-145,21
544,Wh-3,WEST,SKU-146,44
545,Wh-3,WEST,SKU-147,53
546,Wh-3,WEST,SKU-148,23
547,Wh-3,WEST,SKU-149,60
548,Wh-3,WEST,SKU-150,38
549,Wh-3,WEST,SKU-151,216
550,Wh-3,WEST,SKU-152,8
551,Wh-3,WEST,SKU-154,28
552,Wh-3,WEST,SKU-155,8
553,Wh-3,WEST,SKU-156,41
554,Wh-3,WEST,SKU-157,82
555,Wh-3,WEST,SKU-158,36
556,Wh-3,WEST,SKU-159,88
557,Wh-3,WEST,SKU-160,258
558,Wh-3,WEST,SKU-161,59
559,Wh-3,WEST,SKU-162,26
560,Wh-3,WEST,SKU-163,81
561,Wh-3,WEST,SKU-164,88
562,Wh-3,WEST,SKU-165,43
563,Wh-3,WEST,SKU-166,29
564,Wh-3,WEST,SKU-167,54
565,Wh-3,WEST,SKU-168,18
566,Wh-3,WEST,SKU-169,18
567,Wh-3,WEST,SKU-170,82
568,Wh-3,WEST,SKU-171,51
569,Wh-3,WEST,SKU-172,4
570,Wh-3,WEST,SKU-173,105
571,Wh-3,WEST,SKU-174,3
572,Wh-3,WEST,SKU-175,12
573,Wh-3,WEST,SKU-176,4
574,Wh-3,WEST,SKU-177,3
575,Wh-3,WEST,SKU-178,7
576,Wh-3,WEST,SKU-179,8
577,Wh-3,WEST,SKU-180,3
578,Wh-3,WEST,SKU-181,7
579,Wh-3,WEST,SKU-182,14
580,Wh-3,WEST,SKU-183,15
581,Wh-3,WEST,SKU-184,14
582,Wh-3,WEST,SKU-185,51
583,Wh-3,WEST,SKU-186,28
584,Wh-3,WEST,SKU-187,28
585,Wh-3,WEST,SKU-188,8
586,Wh-3,WEST,SKU-189,9
587,Wh-3,WEST,SKU-190,49
588,Wh-3,WEST,SKU-192,9
589,Wh-3,WEST,SKU-193,12
590,Wh-3,WEST,SKU-194,42
591,Wh-3,WEST,SKU-195,3
592,Wh-3,WEST,SKU-196,17
593,Wh-3,WEST,SKU-197,8
594,Wh-3,WEST,SKU-198,26
595,Wh-3,WEST,SKU-199,120
596,Wh-3,WEST,SKU-200,11
597,Wh-3,WEST,SKU-201,13
598,Wh-3,WEST,SKU-202,5
599,Wh-3,WEST,SKU-203,44
600,Wh-3,WEST,SKU-204,10
601,Wh-3,WEST,SKU-205,14
602,Wh-3,WEST,SKU-206,89
603,Wh-3,WEST,SKU-207,9
604,Wh-3,WEST,SKU-208,20
605,Wh-3,WEST,SKU-209,24
606,Wh-3,WEST,SKU-210,20
607,Wh-3,WEST,SKU-211,138
608,Wh-3,WEST,SKU-214,10
609,Wh-3,WEST,SKU-215,17
610,Wh-3,WEST,SKU-217,21
611,Wh-3,WEST,SKU-218,8
612,Wh-3,WEST,SKU-219,51
613,Wh-3,WEST,SKU-220,175
614,Wh-3,WEST,SKU-221,19
615,Wh-3,WEST,SKU-222,80
616,Wh-3,WEST,SKU-223,8
617,Wh-3,WEST,SKU-224,23
618,Wh-3,WEST,SKU-225,24
619,Wh-3,WEST,SKU-226,4
620,Wh-3,WEST,SKU-227,16
621,Wh-3,WEST,SKU-229,12
622,Wh-3,WEST,SKU-230,20
623,Wh-3,WEST,SKU-231,23
624,Wh-3,WEST,SKU-232,31
625,Wh-3,WEST,SKU-233,23
626,Wh-3,WEST,SKU-234,7
627,Wh-3,WEST,SKU-236,18
628,Wh-3,WEST,SKU-237,20
629,Wh-3,WEST,SKU-239,55
630,Wh-3,WEST,SKU-240,29
631,Wh-3,WEST,SKU-241,13
632,Wh-3,WEST,SKU-243,30
633,Wh-3,WEST,SKU-244,16
634,Wh-3,WEST,SKU-250,49
635,Wh-3,WEST,SKU-251,75
636,Wh-3,WEST,SKU-252,27
637,Wh-3,WEST,SKU-253,6
638,Wh-3,WEST,SKU-254,15
639,Wh-3,WEST,SKU-255,206
640,Wh-3,WEST,SKU-256,145
641,Wh-3,WEST,SKU-257,102
642,Wh-3,WEST,SKU-258,120
643,Wh-3,WEST,SKU-259,35
644,Wh-3,WEST,SKU-260,24
645,Wh-3,WEST,SKU-261,32
646,Wh-3,WEST,SKU-262,20
647,Wh-3,WEST,SKU-263,80
648,Wh-3,WEST,SKU-264,451
649,Wh-3,WEST,SKU-265,29
650,Wh-3,WEST,SKU-266,616
651,Wh-3,WEST,SKU-267,61
652,Wh-3,WEST,SKU-268,739
653,Wh-3,WEST,SKU-269,91
654,Wh-3,WEST,SKU-270,174
655,Wh-3,WEST,SKU-271,310
656,Wh-3,WEST,SKU-272,50
657,Wh-3,WEST,SKU-273,17
658,Wh-3,WEST,SKU-274,44
659,Wh-3,WEST,SKU-275,59
660,Wh-3,WEST,SKU-277,155
661,Wh-3,WEST,SKU-278,48
662,Wh-3,WEST,SKU-279,6
663,Wh-3,WEST,SKU-280,24
664,Wh-3,WEST,SKU-281,5
665,Wh-3,WEST,SKU-282,21
666,Wh-3,WEST,SKU-283,19
667,Wh-3,WEST,SKU-284,29
668,Wh-3,WEST,SKU-285,6
669,Wh-3,WEST,SKU-289,27
670,Wh-3,WEST,SKU-290,41
671,Wh-3,WEST,SKU-291,27
672,Wh-3,WEST,SKU-292,57
673,Wh-3,WEST,SKU-293,24
674,Wh-3,WEST,SKU-297,14
675,Wh-3,WEST,SKU-299,23
676,Wh-3,WEST,SKU-300,5
677,Wh-3,WEST,SKU-301,7
678,Wh-3,WEST,SKU-302,36
679,Wh-3,WEST,SKU-306,10
680,Wh-3,WEST,SKU-314,12
681,Wh-3,WEST,SKU-315,8
682,Wh-3,WEST,SKU-316,4
683,Wh-3,WEST,SKU-317,57
684,Wh-3,WEST,SKU-318,15
685,Wh-3,WEST,SKU-319,32
686,Wh-3,WEST,SKU-320,19
687,Wh-3,WEST,SKU-321,22
688,Wh-3,WEST,SKU-322,14
689,Wh-3,WEST,SKU-323,8
690,Wh-3,WEST,SKU-324,15
691,Wh-3,WEST,SKU-325,20
692,Wh-3,WEST,SKU-326,97
693,Wh-3,WEST,SKU-327,15
694,Wh-3,WEST,SKU-328,32
695,Wh-3,WEST,SKU-331,117
696,Wh-3,WEST,SKU-332,33
697,Wh-3,WEST,SKU-339,14
698,Wh-3,WEST,SKU-341,12
699,Wh-3,WEST,SKU-343,64
700,Wh-3,WEST,SKU-350,12
701,Wh-3,WEST,SKU-351,17
702,Wh-3,WEST,SKU-352,14
703,Wh-3,WEST,SKU-353,23
704,Wh-3,WEST,SKU-354,16
705,Wh-3,WEST,SKU-355,26
706,Wh-3,WEST,SKU-356,6
707,Wh-3,WEST,SKU-357,43
708,Wh-3,WEST,SKU-358,2
709,Wh-3,WEST,SKU-359,23
710,Wh-3,WEST,SKU-360,32
711,Wh-3,WEST,SKU-361,20
712,Wh-3,WEST,SKU-362,31
713,Wh-3,WEST,SKU-363,96
714,Wh-3,WEST,SKU-364,103
715,Wh-3,WEST,SKU-365,66
716,Wh-3,WEST,SKU-366,71
717,Wh-3,WEST,SKU-367,63
718,Wh-3,WEST,SKU-368,26
719,Wh-3,WEST,SKU-369,5
720,Wh-3,WEST,SKU-370,118
721,Wh-3,WEST,SKU-371,105
722,Wh-3,WEST,SKU-372,45
723,Wh-3,WEST,SKU-373,3
724,Wh-3,WEST,SKU-374,39
725,Wh-3,WEST,SKU-375,11
726,Wh-3,WEST,SKU-376,5
727,Wh-3,WEST,SKU-377,7
728,Wh-3,WEST,SKU-378,6
729,Wh-3,WEST,SKU-379,51
730,Wh-3,WEST,SKU-380,16
731,Wh-3,WEST,SKU-381,20
732,Wh-3,WEST,SKU-382,12
733,Wh-3,WEST,SKU-383,31
734,Wh-3,WEST,SKU-384,5
735,Wh-3,WEST,SKU-385,11
736,Wh-3,WEST,SKU-386,29
737,Wh-3,WEST,SKU-387,12
738,Wh-3,WEST,SKU-388,17
739,Wh-3,WEST,SKU-389,2
740,Wh-3,WEST,SKU-390,5
741,Wh-3,WEST,SKU-391,12
742,Wh-3,WEST,SKU-392,35
743,Wh-3,WEST,SKU-393,28
744,Wh-3,WEST,SKU-394,8
745,Wh-3,WEST,SKU-395,26
746,Wh-3,WEST,SKU-396,18
747,Wh-3,WEST,SKU-397,48
748,Wh-3,WEST,SKU-398,20
749,Wh-3,WEST,SKU-399,1686
750,Wh-3,WEST,SKU-400,32
751,Wh-3,WEST,SKU-401,26
752,Wh-3,WEST,SKU-402,6
753,Wh-4,SOUTH,SKU-1,92
754,Wh-4,SOUTH,SKU-2,12
755,Wh-4,SOUTH,SKU-3,9
756,Wh-4,SOUTH,SKU-4,107
757,Wh-4,SOUTH,SKU-5,116
758,Wh-4,SOUTH,SKU-6,34
759,Wh-4,SOUTH,SKU-7,156
760,Wh-4,SOUTH,SKU-8,185
761,Wh-4,SOUTH,SKU-9,55
762,Wh-4,SOUTH,SKU-10,39
763,Wh-4,SOUTH,SKU-13,229
764,Wh-4,SOUTH,SKU-17,79
765,Wh-4,SOUTH,SKU-19,3
766,Wh-4,SOUTH,SKU-20,5
767,Wh-4,SOUTH,SKU-21,10
768,Wh-4,SOUTH,SKU-22,38
769,Wh-4,SOUTH,SKU-23,27
770,Wh-4,SOUTH,SKU-24,17
771,Wh-4,SOUTH,SKU-25,23
772,Wh-4,SOUTH,SKU-26,21
773,Wh-4,SOUTH,SKU-27,17
774,Wh-4,SOUTH,SKU-28,16
775,Wh-4,SOUTH,SKU-29,77
776,Wh-4,SOUTH,SKU-30,78
777,Wh-4,SOUTH,SKU-31,39
778,Wh-4,SOUTH,SKU-32,149
779,Wh-4,SOUTH,SKU-33,16
780,Wh-4,SOUTH,SKU-34,69
781,Wh-4,SOUTH,SKU-35,5
782,Wh-4,SOUTH,SKU-36,35
783,Wh-4,SOUTH,SKU-37,85
784,Wh-4,SOUTH,SKU-39,77
785,Wh-4,SOUTH,SKU-40,154
786,Wh-4,SOUTH,SKU-41,68
787,Wh-4,SOUTH,SKU-42,13
788,Wh-4,SOUTH,SKU-43,8
789,Wh-4,SOUTH,SKU-44,68
790,Wh-4,SOUTH,SKU-45,20
791,Wh-4,SOUTH,SKU-46,30
792,Wh-4,SOUTH,SKU-47,147
793,Wh-4,SOUTH,SKU-50,23
794,Wh-4,SOUTH,SKU-51,100
795,Wh-4,SOUTH,SKU-53,51
796,Wh-4,SOUTH,SKU-54,115
797,Wh-4,SOUTH,SKU-55,28
798,Wh-4,SOUTH,SKU-56,68
799,Wh-4,SOUTH,SKU-57,12
800,Wh-4,SOUTH,SKU-58,7
801,Wh-4,SOUTH,SKU-59,1
802,Wh-4,SOUTH,SKU-60,20
803,Wh-4,SOUTH,SKU-61,268
804,Wh-4,SOUTH,SKU-62,22
805,Wh-4,SOUTH,SKU-63,24
806,Wh-4,SOUTH,SKU-64,23
807,Wh-4,SOUTH,SKU-65,18
808,Wh-4,SOUTH,SKU-66,28
809,Wh-4,SOUTH,SKU-67,18
810,Wh-4,SOUTH,SKU-69,40
811,Wh-4,SOUTH,SKU-70,107
812,Wh-4,SOUTH,SKU-71,11
813,Wh-4,SOUTH,SKU-72,15
814,Wh-4,SOUTH,SKU-73,17
815,Wh-4,SOUTH,SKU-74,23
816,Wh-4,SOUTH,SKU-76,9
817,Wh-4,SOUTH,SKU-77,15
818,Wh-4,SOUTH,SKU-78,24
819,Wh-4,SOUTH,SKU-79,15
820,Wh-4,SOUTH,SKU-80,164
821,Wh-4,SOUTH,SKU-81,224
822,Wh-4,SOUTH,SKU-82,34
823,Wh-4,SOUTH,SKU-84,25
824,Wh-4,SOUTH,SKU-86,11
825,Wh-4,SOUTH,SKU-87,8
826,Wh-4,SOUTH,SKU-88,220
827,Wh-4,SOUTH,SKU-89,37
828,Wh-4,SOUTH,SKU-90,9
829,Wh-4,SOUTH,SKU-92,7
830,Wh-4,SOUTH,SKU-93,19
831,Wh-4,SOUTH,SKU-95,5
832,Wh-4,SOUTH,SKU-97,93
833,Wh-4,SOUTH,SKU-98,46
834,Wh-4,SOUTH,SKU-101,17
835,Wh-4,SOUTH,SKU-102,5
836,Wh-4,SOUTH,SKU-103,42
837,Wh-4,SOUTH,SKU-104,38
838,Wh-4,SOUTH,SKU-105,26
839,Wh-4,SOUTH,SKU-106,73
840,Wh-4,SOUTH,SKU-107,46
841,Wh-4,SOUTH,SKU-108,94
842,Wh-4,SOUTH,SKU-109,36
843,Wh-4,SOUTH,SKU-110,8
844,Wh-4,SOUTH,SKU-111,27
845,Wh-4,SOUTH,SKU-112,9
846,Wh-4,SOUTH,SKU-113,43
847,Wh-4,SOUTH,SKU-114,10
848,Wh-4,SOUTH,SKU-115,6
849,Wh-4,SOUTH,SKU-116,54
850,Wh-4,SOUTH,SKU-117,18
851,Wh-4,SOUTH,SKU-121,55
852,Wh-4,SOUTH,SKU-122,47
853,Wh-4,SOUTH,SKU-123,20
854,Wh-4,SOUTH,SKU-124,354
855,Wh-4,SOUTH,SKU-126,8
856,Wh-4,SOUTH,SKU-127,63
857,Wh-4,SOUTH,SKU-128,22
858,Wh-4,SOUTH,SKU-129,108
859,Wh-4,SOUTH,SKU-131,97
860,Wh-4,SOUTH,SKU-132,189
861,Wh-4,SOUTH,SKU-133,435
862,Wh-4,SOUTH,SKU-134,46
863,Wh-4,SOUTH,SKU-136,125
864,Wh-4,SOUTH,SKU-137,134
865,Wh-4,SOUTH,SKU-140,197
866,Wh-4,SOUTH,SKU-141,65
867,Wh-4,SOUTH,SKU-144,17
868,Wh-4,SOUTH,SKU-147,117
869,Wh-4,SOUTH,SKU-148,24
870,Wh-4,SOUTH,SKU-149,30
871,Wh-4,SOUTH,SKU-150,65
872,Wh-4,SOUTH,SKU-151,243
873,Wh-4,SOUTH,SKU-152,161
874,Wh-4,SOUTH,SKU-154,11
875,Wh-4,SOUTH,SKU-155,7
876,Wh-4,SOUTH,SKU-156,4
877,Wh-4,SOUTH,SKU-157,34
878,Wh-4,SOUTH,SKU-158,18
879,Wh-4,SOUTH,SKU-159,60
880,Wh-4,SOUTH,SKU-160,25
881,Wh-4,SOUTH,SKU-161,21
882,Wh-4,SOUTH,SKU-162,1
883,Wh-4,SOUTH,SKU-163,6
884,Wh-4,SOUTH,SKU-164,4
885,Wh-4,SOUTH,SKU-165,24
886,Wh-4,SOUTH,SKU-166,16
887,Wh-4,SOUTH,SKU-167,21
888,Wh-4,SOUTH,SKU-169,31
889,Wh-4,SOUTH,SKU-170,3
890,Wh-4,SOUTH,SKU-171,-6
891,Wh-4,SOUTH,SKU-172,36
892,Wh-4,SOUTH,SKU-173,45
893,Wh-4,SOUTH,SKU-174,61
894,Wh-4,SOUTH,SKU-175,2
895,Wh-4,SOUTH,SKU-176,7
896,Wh-4,SOUTH,SKU-177,2
897,Wh-4,SOUTH,SKU-178,3
898,Wh-4,SOUTH,SKU-179,3
899,Wh-4,SOUTH,SKU-180,4
900,Wh-4,SOUTH,SKU-182,6
901,Wh-4,SOUTH,SKU-183,3
902,Wh-4,SOUTH,SKU-184,18
903,Wh-4,SOUTH,SKU-185,8
904,Wh-4,SOUTH,SKU-186,12
905,Wh-4,SOUTH,SKU-187,6
906,Wh-4,SOUTH,SKU-190,45
907,Wh-4,SOUTH,SKU-193,4
908,Wh-4,SOUTH,SKU-194,29
909,Wh-4,SOUTH,SKU-196,26
910,Wh-4,SOUTH,SKU-199,22
911,Wh-4,SOUTH,SKU-200,3
912,Wh-4,SOUTH,SKU-201,11
913,Wh-4,SOUTH,SKU-202,4
914,Wh-4,SOUTH,SKU-203,36
915,Wh-4,SOUTH,SKU-204,23
916,Wh-4,SOUTH,SKU-205,20
917,Wh-4,SOUTH,SKU-206,83
918,Wh-4,SOUTH,SKU-208,11
919,Wh-4,SOUTH,SKU-211,42
920,Wh-4,SOUTH,SKU-212,10
921,Wh-4,SOUTH,SKU-214,17
922,Wh-4,SOUTH,SKU-215,34
923,Wh-4,SOUTH,SKU-217,9
924,Wh-4,SOUTH,SKU-218,12
925,Wh-4,SOUTH,SKU-219,68
926,Wh-4,SOUTH,SKU-220,61
927,Wh-4,SOUTH,SKU-221,35
928,Wh-4,SOUTH,SKU-224,61
929,Wh-4,SOUTH,SKU-225,88
930,Wh-4,SOUTH,SKU-226,17
931,Wh-4,SOUTH,SKU-228,26
932,Wh-4,SOUTH,SKU-229,40
933,Wh-4,SOUTH,SKU-230,185
934,Wh-4,SOUTH,SKU-231,10
935,Wh-4,SOUTH,SKU-232,19
936,Wh-4,SOUTH,SKU-233,41
937,Wh-4,SOUTH,SKU-234,208
938,Wh-4,SOUTH,SKU-237,55
939,Wh-4,SOUTH,SKU-239,66
940,Wh-4,SOUTH,SKU-240,107
941,Wh-4,SOUTH,SKU-243,35
942,Wh-4,SOUTH,SKU-244,7
943,Wh-4,SOUTH,SKU-245,25
944,Wh-4,SOUTH,SKU-246,15
945,Wh-4,SOUTH,SKU-248,32
946,Wh-4,SOUTH,SKU-250,34
947,Wh-4,SOUTH,SKU-251,97
948,Wh-4,SOUTH,SKU-252,65
949,Wh-4,SOUTH,SKU-253,73
950,Wh-4,SOUTH,SKU-254,34
951,Wh-4,SOUTH,SKU-255,40
952,Wh-4,SOUTH,SKU-256,91
953,Wh-4,SOUTH,SKU-257,55
954,Wh-4,SOUTH,SKU-258,92
955,Wh-4,SOUTH,SKU-259,80
956,Wh-4,SOUTH,SKU-260,16
957,Wh-4,SOUTH,SKU-261,75
958,Wh-4,SOUTH,SKU-263,21
959,Wh-4,SOUTH,SKU-264,374
960,Wh-4,SOUTH,SKU-267,11
961,Wh-4,SOUTH,SKU-268,105
962,Wh-4,SOUTH,SKU-269,68
963,Wh-4,SOUTH,SKU-270,58
964,Wh-4,SOUTH,SKU-271,365
965,Wh-4,SOUTH,SKU-272,24
966,Wh-4,SOUTH,SKU-273,12
967,Wh-4,SOUTH,SKU-274,42
968,Wh-4,SOUTH,SKU-275,77
969,Wh-4,SOUTH,SKU-276,8
970,Wh-4,SOUTH,SKU-277,32
971,Wh-4,SOUTH,SKU-278,33
972,Wh-4,SOUTH,SKU-279,41
973,Wh-4,SOUTH,SKU-280,22
974,Wh-4,SOUTH,SKU-281,23
975,Wh-4,SOUTH,SKU-282,19
976,Wh-4,SOUTH,SKU-284,11
977,Wh-4,SOUTH,SKU-285,5
978,Wh-4,SOUTH,SKU-286,21
979,Wh-4,SOUTH,SKU-287,18
980,Wh-4,SOUTH,SKU-288,8
981,Wh-4,SOUTH,SKU-289,9
982,Wh-4,SOUTH,SKU-297,37
983,Wh-4,SOUTH,SKU-314,6
984,Wh-4,SOUTH,SKU-315,20
985,Wh-4,SOUTH,SKU-316,4
986,Wh-4,SOUTH,SKU-317,22
987,Wh-4,SOUTH,SKU-318,7
988,Wh-4,SOUTH,SKU-319,26
989,Wh-4,SOUTH,SKU-320,8
990,Wh-4,SOUTH,SKU-321,9
991,Wh-4,SOUTH,SKU-322,12
992,Wh-4,SOUTH,SKU-324,30
993,Wh-4,SOUTH,SKU-325,3
994,Wh-4,SOUTH,SKU-326,98
995,Wh-4,SOUTH,SKU-327,13
996,Wh-4,SOUTH,SKU-331,47
997,Wh-4,SOUTH,SKU-332,50
998,Wh-4,SOUTH,SKU-338,18
999,Wh-4,SOUTH,SKU-339,83
1000,Wh-4,SOUTH,SKU-344,9
1001,Wh-4,SOUTH,SKU-351,6
1002,Wh-4,SOUTH,SKU-353,4
1003,Wh-4,SOUTH,SKU-354,16
1004,Wh-4,SOUTH,SKU-359,39
1005,Wh-4,SOUTH,SKU-361,26
1006,Wh-4,SOUTH,SKU-362,26
1007,Wh-4,SOUTH,SKU-368,24
1008,Wh-4,SOUTH,SKU-373,3
1009,Wh-4,SOUTH,SKU-375,5
1010,Wh-4,SOUTH,SKU-377,4
1011,Wh-4,SOUTH,SKU-384,35
1012,Wh-4,SOUTH,SKU-385,56
1013,Wh-4,SOUTH,SKU-386,68
1014,Wh-4,SOUTH,SKU-387,86
1015,Wh-4,SOUTH,SKU-396,9
1016,Wh-4,SOUTH,SKU-397,33
1017,Wh-4,SOUTH,SKU-399,55
1018,Wh-4,SOUTH,SKU-404,49
1019,Wh-4,SOUTH,SKU-406,16
1020,Wh-4,SOUTH,SKU-416,28
1021,Wh-4,SOUTH,SKU-417,14
1022,Wh-4,SOUTH,SKU-418,6
1023,Wh-4,SOUTH,SKU-419,8
1024,Wh-4,SOUTH,SKU-420,11
1025,Wh-4,SOUTH,SKU-421,6
1026,Wh-4,SOUTH,SKU-422,31
1027,Wh-4,SOUTH,SKU-423,11
1028,Wh-4,SOUTH,SKU-424,25
1029,Wh-4,SOUTH,SKU-425,6
1030,Wh-4,SOUTH,SKU-426,25
1031,Wh-4,SOUTH,SKU-427,34
1032,Wh-4,SOUTH,SKU-428,16
1033,Wh-4,SOUTH,SKU-429,6
1034,Wh-4,SOUTH,SKU-430,16
1035,Wh-4,SOUTH,SKU-431,30
1036,Wh-4,SOUTH,SKU-432,8
1037,Wh-4,SOUTH,SKU-433,6
1038,Wh-4,SOUTH,SKU-434,13
